Higher-level question,Lower-level question,RAG_Answer,NO_RAG_Answer,RAG_Info
Which features does the risk score use?,What features does the QRisk3 risk score utilize for cardiovascular risk assessment?,"The QRisk3 risk score utilizes a comprehensive set of features to assess the 10-year risk of cardiovascular disease in men and women aged 25-84 years. It includes established risk factors such as age, sex, ethnic origin, deprivation (Townsend score), systolic blood pressure, BMI, cholesterol ratio, smoking status, family history of coronary heart disease, diabetes (type 1 and type 2), treated hypertension, rheumatoid arthritis, atrial fibrillation, and chronic kidney disease (stage 4 or 5). Additionally, QRisk3 introduces new features such as chronic kidney disease stage 3, systolic blood pressure variability, migraine, corticosteroid use, systemic lupus erythematosus (SLE), use of second-generation atypical antipsychotics, severe mental illness, and erectile dysfunction in men. These features allow QRisk3 to provide a more accurate assessment of cardiovascular risk by incorporating a broader range of clinical factors.","The **QRisk3** score is a widely used tool for predicting the risk of developing cardiovascular disease (CVD) within the next 10 years. It builds on the earlier QRisk2 model by incorporating additional clinical and demographic features to improve risk stratification. Below is a list of features that QRisk3 uses for cardiovascular risk assessment, grouped into categories:

---

### **1. Demographic Features**
- **Age** (higher age increases risk)
- **Sex** (males generally have higher risk than females)
- **Ethnicity** (e.g., South Asian, Black African, White, etc., as different ethnic groups have varying baseline risks)

---

### **2. Clinical and Physiological Features**
- **Systolic blood pressure (SBP)** (higher values increase risk)
- **Body mass index (BMI)** (obesity is a risk factor)
- **Smoking status** (current smoker, ex-smoker, or non-smoker)
- **Diabetes status** (type 1 or type 2 diabetes increases risk)
- **Total cholesterol/HDL ratio** (higher ratios increase risk)

---

### **3. Personal Medical History**
- **History of atrial fibrillation (AF)**
- **History of chronic kidney disease (CKD)** (CKD stage 3, 4, or 5 is considered)
- **History of rheumatoid arthritis** (an inflammatory condition that increases CVD risk)
- **History of systemic lupus erythematosus (SLE)** (an autoimmune condition linked to higher CVD risk)
- **History of migraines**
- **History of severe mental illness** (e.g., schizophrenia, bipolar disorder, or other psychoses)
- **History of erectile dysfunction (in men)** (a marker of vascular dysfunction)
- **History of corticosteroid use** (long-term steroid use can increase CVD risk)

---

### **4. Family History**
- **Family history of premature coronary heart disease (CHD)** (e.g., a first-degree relative diagnosed with CHD before age 60)

---

### **5. Special Risk Factors**
- **Townsend deprivation score** (a measure of socioeconomic status, with higher deprivation linked to higher CVD risk)
- **Chronic obstructive pulmonary disease (COPD)** (another condition associated with systemic inflammation and CVD)

---

### **Summary**
QRisk3 uses a comprehensive set of features that include traditional risk factors (like age, sex, smoking, and cholesterol levels) as well as additional factors that consider comorbid conditions, medications, socioeconomic deprivation, and family history. This allows for a more individualized and accurate estimation of cardiovascular risk compared to earlier models. 

It is important to note that QRisk3 is intended to guide clinical decision-making, such as determining whether a patient might benefit from interventions like lipid-lowering therapy (e.g., statins) or lifestyle modifications.","['The model extracted information using This QRISK3 infosheet provides a comprehensive overview of the cardiovascular risk prediction model, including its methodology, a breakdown of traditional and additional risk factors, detailed validation results, and performance metrics..']"
Which features does the risk score use?,Can you list all the variables considered in the QRisk3 risk calculation?,"The QRisk3 model takes into account a variety of variables for cardiovascular risk calculation, including demographic factors such as age, sex, ethnic origin, and deprivation (Townsend score). Clinical and lifestyle variables include systolic blood pressure, body mass index (BMI), cholesterol ratios, and smoking status. Family history of coronary heart disease is also considered. Medical conditions factored into the model include diabetes, hypertension, rheumatoid arthritis, atrial fibrillation, chronic kidney disease, migraine, systemic lupus erythematosus, and severe mental illness. Medication use, such as corticosteroids and second-generation antipsychotics, and additional risk factors like systolic blood pressure variability and erectile dysfunction (for men) are also included. HIV/AIDS was reviewed but excluded from the final model.","Certainly! The QRisk3 score is a widely used algorithm for estimating the 10-year risk of developing cardiovascular disease (CVD). It builds upon QRisk2 and includes additional variables to improve its predictive accuracy. Below is a list of variables considered in the QRisk3 calculation:

### **Demographic Variables**
1. **Age** (years)
2. **Sex** (male or female)
3. **Ethnicity** (e.g., White, South Asian, Black African, etc.)
4. **Deprivation Index** (Townsend deprivation score based on socioeconomic status)

### **Clinical and Lifestyle Variables**
5. **Smoking Status** (non-smoker, ex-smoker, light smoker, heavy smoker)
6. **Body Mass Index (BMI)** (kg/m²)
7. **Systolic Blood Pressure** (mmHg)
8. **Diastolic Blood Pressure** (mmHg)
9. **Total Cholesterol/HDL Ratio** (a measure of lipid levels)
10. **Diabetes Status** (Type 1 diabetes, Type 2 diabetes, or no diabetes)

### **Medical History Variables**
11. **Family History of Coronary Heart Disease** (in a first-degree relative under 60 years old)
12. **Atrial Fibrillation** (diagnosed or not)
13. **Chronic Kidney Disease (CKD)** (Stage 3, 4, or 5)
14. **Rheumatoid Arthritis** (diagnosed or not)
15. **Systemic Lupus Erythematosus (SLE)** (diagnosed or not)
16. **Migraine** (diagnosed or not)
17. **Severe Mental Illness** (e.g., schizophrenia, bipolar disorder, or psychosis)
18. **Use of Corticosteroids** (regular use of oral steroids)
19. **Erectile Dysfunction** (in males, as it may be an indicator of vascular disease)

### **Additional Variables in QRisk3**
20. **Chronic Obstructive Pulmonary Disease (COPD)** (diagnosed or not)
21. **Systolic Blood Pressure Variability** (measure of fluctuations in blood pressure over time)
22. **HIV/AIDS** (diagnosed or not)
23. **Atypical Antipsychotic Medication Use** (e.g., clozapine, olanzapine)
24. **Severe Obesity** (BMI ≥ 40 kg/m²)
25. **Early Menopause** (in women, before age 40 years)
26. **Parity** (number of pregnancies resulting in live births, for women)
27. **Anti-Hypertensive Medication Use** (current use or not)

### **Optional Variables**
Some variables may be optional if data is unavailable, such as:
- Cholesterol/HDL ratio
- BMI (if not available, the algorithm uses population averages).

These variables are combined in the QRisk3 algorithm using statistical methods to provide an individualized estimate of 10-year cardiovascular risk. The inclusion of additional factors in QRisk3 compared to QRisk2 reflects the growing understanding of how various medical conditions and treatments affect CVD risk.

Keep in mind that QRisk3 is intended for use in clinical settings and should be interpreted by healthcare professionals as part of a broader risk assessment and management strategy.","['The model extracted information using This QRISK3 infosheet provides a comprehensive overview of the cardiovascular risk prediction model, including its methodology, a breakdown of traditional and additional risk factors, detailed validation results, and performance metrics..']"
Which features does the risk score use?,What patient data is required to compute a QRisk3 score?,"To compute a QRisk3 score, the required patient data includes demographic information (age, sex, ethnic origin, deprivation index), clinical measurements (systolic blood pressure and variability, BMI, cholesterol ratio), lifestyle factors (smoking status), family history (coronary heart disease in first-degree relatives), medical conditions (diabetes, treated hypertension, rheumatoid arthritis, atrial fibrillation, chronic kidney disease), and additional risk factors (migraine, corticosteroid use, systemic lupus erythematosus, second-generation antipsychotic use, severe mental illness, and erectile dysfunction in men). Patients with pre-existing cardiovascular disease or those prescribed statins at baseline are excluded from the calculation.","To compute a **QRisk3 score**, which estimates a person's 10-year risk of developing cardiovascular disease (CVD), you need the following patient data. Some fields are essential, while others are optional but improve the accuracy of the score. Here's a breakdown of the required and optional inputs for QRisk3:

---

### **Required Patient Data:**
1. **Age** (years)  
   - QRisk3 is typically used for individuals aged 25–84.

2. **Sex** (male or female)  

3. **Ethnicity**  
   - Ethnic groups include White (British/Irish/Other), South Asian, Black African, Black Caribbean, Chinese, and others.

4. **Smoking Status**  
   - Categories: Non-smoker, ex-smoker, light (1–9/day), moderate (10–19/day), heavy smoker (20+/day).

5. **Body Mass Index (BMI)**  
   - Calculated as weight (kg) divided by height (m²). Alternatively, weight and height can be provided.

6. **Systolic Blood Pressure (SBP)**  
   - Measured in mmHg.

7. **Total Cholesterol/HDL Ratio**  
   - Ratio of total cholesterol to high-density lipoprotein (HDL) cholesterol.

---

### **Optional Patient Data (to improve accuracy):**
1. **Diabetes Status**  
   - No diabetes, Type 1 diabetes, or Type 2 diabetes.

2. **Family History of Coronary Heart Disease**  
   - Whether a first-degree relative (parent or sibling) was diagnosed before age 60.

3. **Deprivation Score (Townsend Index)**  
   - A measure of socioeconomic status, based on the area where the patient lives.

4. **Medical Conditions:**
   - **Atrial Fibrillation**: Presence of atrial fibrillation.
   - **Chronic Kidney Disease (CKD)**: Stage 3, 4, or 5 CKD.
   - **Rheumatoid Arthritis**: Presence of rheumatoid arthritis.
   - **Systemic Lupus Erythematosus (SLE)**: Presence of lupus.
   - **Severe Mental Illness**: Includes schizophrenia, bipolar disorder, or other psychoses.

5. **Medications:**
   - **Hypertension Treatment**: Whether the patient is currently on blood pressure-lowering medication.
   - **Corticosteroid Use**: Long-term corticosteroid therapy (e.g., prednisolone).

6. **Migraine History**  
   - Presence of migraines.

7. **Erectile Dysfunction (in men)**  
   - Presence of erectile dysfunction, which can be linked to vascular health.

8. **Menopause or Hormone Replacement Therapy (HRT)** (in women)  
   - Whether the patient is post-menopausal or using HRT.

9. **Atypical Antipsychotic Use**  
   - Use of medications such as olanzapine, risperidone, or similar drugs.

10. **Severe Obesity**  
   - Defined as BMI ≥ 40 kg/m².

---

### **Summary:**
The QRisk3 score adapts to the data available, but the calculation is most accurate when optional risk factors are included. The required fields (age, sex, smoking status, BMI, SBP, cholesterol/HDL ratio, and ethnicity) are the minimum for generating a score. Additional factors related to medical history, medications, and lifestyle enhance the prediction of cardiovascular risk.","['The model extracted information using This QRISK3 infosheet provides a comprehensive overview of the cardiovascular risk prediction model, including its methodology, a breakdown of traditional and additional risk factors, detailed validation results, and performance metrics..']"
Which features does the risk score use?,Which factors are taken into account when determining a QRisk3 risk score?,"The QRISK3 risk score is a tool used to estimate the 10-year risk of developing cardiovascular disease (CVD) in adults aged 25-84 years. It takes into account established factors like age, sex, ethnic origin, deprivation (Townsend score), systolic blood pressure, BMI, cholesterol ratio, smoking status, family history of coronary heart disease, type 1 and type 2 diabetes, treated hypertension, rheumatoid arthritis, atrial fibrillation, and chronic kidney disease (CKD). Additionally, QRISK3 includes new factors such as expanded CKD definitions, systolic blood pressure variability, migraine, corticosteroid use, systemic lupus erythematosus (SLE), atypical antipsychotic use, severe mental illness, and erectile dysfunction or its treatment. These additional factors enhance the accuracy of predicting cardiovascular disease risk.","The **QRisk3** score is a tool used to estimate a person's 10-year risk of developing cardiovascular disease (CVD). It is an updated version of the QRisk2 score, incorporating additional clinical factors to improve its predictive accuracy. QRisk3 is commonly used in clinical practice to guide decisions about preventive measures, such as lifestyle changes or statin therapy. Below are the key factors considered when calculating the QRisk3 score:

### 1. **Demographics:**
   - **Age:** Risk increases with age.
   - **Sex:** Men generally have a higher risk than women.
   - **Ethnicity:** Certain ethnic groups (e.g., South Asian, African-Caribbean) may have higher risks.

### 2. **Clinical Measurements:**
   - **Systolic blood pressure (SBP):** Higher blood pressure is a significant risk factor.
   - **Body mass index (BMI):** Obesity is strongly associated with increased cardiovascular risk.
   - **Cholesterol/HDL ratio:** A higher ratio indicates greater risk.

### 3. **Lifestyle Factors:**
   - **Smoking status:** Current smokers have a higher risk compared to non-smokers.

### 4. **Personal Medical History:**
   - **Diabetes:** Both type 1 and type 2 diabetes significantly increase CVD risk.
   - **Chronic kidney disease (CKD):** Stages 3, 4, or 5 of CKD are associated with higher risk.
   - **Atrial fibrillation (AF):** A known risk factor for stroke and cardiovascular disease.
   - **Hypertension (treated or untreated):** Important risk modifier.
   - **Rheumatoid arthritis (RA):** An inflammatory condition linked to higher CVD risk.
   - **Systemic lupus erythematosus (SLE):** Another inflammatory condition associated with increased risk.
   - **Severe mental illness:** Conditions such as schizophrenia, bipolar disorder, or major depression.
   - **Migraine:** Chronic migraine has been linked to cardiovascular risk.
   - **Erectile dysfunction:** In men, this can serve as a marker for vascular disease.
   - **History of atypical antipsychotic medication use:** These medications can influence metabolic health and CVD risk.

### 5. **Family History:**
   - **Family history of premature coronary heart disease:** Specifically, in a first-degree relative (parent or sibling) under 60 years old.

### 6. **Social Determinants:**
   - **Deprivation score (Townsend deprivation index):** Socioeconomic status is considered, as greater deprivation is linked to higher risk.

### 7. **Other Risk Modifiers:**
   - **Use of corticosteroids:** Long-term steroid use can affect cardiovascular health.
   - **HIV/AIDS:** People with HIV are at an increased risk of cardiovascular disease.

By combining these factors, QRisk3 provides an individualized estimate of cardiovascular risk, which can help with shared decision-making in clinical practice. It is important to note that while QRisk3 is a helpful tool, it should be used alongside clinical judgment and in the context of the patient's overall health and preferences.","['The model extracted information using This QRISK3 infosheet provides a comprehensive overview of the cardiovascular risk prediction model, including its methodology, a breakdown of traditional and additional risk factors, detailed validation results, and performance metrics..']"
Which features does the risk score use?,What information does the QRisk3 algorithm use to estimate cardiovascular risk?,"The QRisk3 algorithm estimates the 10-year risk of cardiovascular disease (CVD) using a comprehensive set of factors. These include demographic factors such as age, sex, ethnic origin, and socioeconomic status; lifestyle factors like smoking status and body mass index (BMI); clinical measurements such as systolic blood pressure and cholesterol levels; family history of coronary heart disease; medical conditions including diabetes, hypertension, rheumatoid arthritis, atrial fibrillation, chronic kidney disease, and others; as well as medications and treatments like corticosteroid use and atypical antipsychotics. By incorporating these variables, QRisk3 provides a detailed and accurate prediction of cardiovascular risk.","The QRisk3 algorithm is a widely used tool for estimating an individual's risk of developing cardiovascular disease (CVD) over the next 10 years. It builds upon the earlier QRisk2 algorithm by incorporating additional risk factors to improve its predictive accuracy. QRisk3 uses a combination of clinical, demographic, and lifestyle factors to calculate cardiovascular risk. Below is a list of the key information it takes into account:

### 1. **Demographic Factors**
   - **Age**: Older age is associated with higher cardiovascular risk.
   - **Sex**: Males generally have a higher risk than females.
   - **Ethnicity**: Certain ethnic groups (e.g., South Asian, African-Caribbean) have different baseline risks of CVD.

### 2. **Clinical and Medical History**
   - **History of diabetes** (type 1 or type 2): Diabetes significantly increases cardiovascular risk.
   - **History of atrial fibrillation**: Atrial fibrillation is a known risk factor for stroke and other cardiovascular events.
   - **Chronic kidney disease (CKD)**: Stages 3, 4, or 5 of CKD increase CVD risk.
   - **Rheumatoid arthritis**: Autoimmune diseases like rheumatoid arthritis are associated with increased cardiovascular risk.
   - **Systemic lupus erythematosus (SLE)**: Another autoimmune disease linked to higher CVD risk.
   - **Severe mental illness (e.g., schizophrenia, bipolar disorder, or psychosis)**: These conditions are associated with higher cardiovascular risk, partly due to medications and lifestyle factors.
   - **Migraine**: Migraine, especially with aura, has been linked to increased risk of stroke.
   - **Use of atypical antipsychotics**: These medications can raise cardiovascular risk due to metabolic side effects.
   - **Erectile dysfunction**: Often an early marker of vascular disease in men.
   - **Corticosteroid use**: Long-term use of corticosteroids can increase cardiovascular risk.
   - **Chronic obstructive pulmonary disease (COPD)**: COPD is associated with systemic inflammation and higher CVD risk.

### 3. **Lifestyle Factors**
   - **Smoking status**: Current or former smoking significantly increases cardiovascular risk.
   - **Body mass index (BMI)**: A higher BMI is associated with obesity and increased CVD risk.

### 4. **Blood Pressure and Lipid Levels**
   - **Systolic blood pressure (SBP)**: Higher SBP is a key driver of cardiovascular risk.
   - **Total cholesterol/HDL cholesterol ratio**: A higher ratio indicates an unfavorable lipid profile and increased risk.

### 5. **Socioeconomic Status**
   - **Deprivation score**: QRisk3 incorporates a measure of socioeconomic deprivation, such as the Townsend deprivation score, which accounts for the impact of economic and social factors on health.

### 6. **Family History**
   - **Family history of coronary heart disease**: A family history of early-onset heart disease (in a first-degree relative) increases individual risk.

### Outputs:
The algorithm calculates the 10-year risk of developing CVD as a percentage. Individuals with a risk above a certain threshold (e.g., 10%) are often considered for preventive interventions, such as lifestyle modifications or pharmacological treatments (e.g., statins or antihypertensives).

### QRisk3 vs. QRisk2:
QRisk3 includes additional factors such as migraine, severe mental illness, atypical antipsychotic use, corticosteroid use, and erectile dysfunction, making it more comprehensive than QRisk2. These enhancements improve its ability to capture risk in diverse patient populations.

It’s important to note that QRisk3 is designed for use in individuals without existing cardiovascular disease, as it is a primary prevention tool.","['The model extracted information using This QRISK3 infosheet provides a comprehensive overview of the cardiovascular risk prediction model, including its methodology, a breakdown of traditional and additional risk factors, detailed validation results, and performance metrics..']"
Which features does the risk score use?,What patient characteristics are included in the QRisk3 risk assessment?,"The QRisk3 risk assessment includes a wide range of patient characteristics to estimate the 10-year risk of cardiovascular disease. These characteristics encompass demographic factors (e.g., age, sex, ethnic origin, deprivation level), lifestyle factors (e.g., smoking status), medical history (e.g., family history of coronary heart disease, diabetes, treated hypertension, rheumatoid arthritis, atrial fibrillation, chronic kidney disease, systemic lupus erythematosus, severe mental illness), clinical measurements (e.g., BMI, systolic blood pressure, cholesterol levels), and additional risk factors such as migraine, corticosteroid use, atypical antipsychotic use, and erectile dysfunction. These factors collectively enhance the accuracy of cardiovascular risk prediction.","The **QRisk3** risk assessment is a widely used algorithm designed to estimate a person's risk of developing cardiovascular disease (CVD) within the next 10 years. It builds upon earlier versions (QRisk2) and incorporates additional factors to improve risk prediction. Below are the patient characteristics included in the QRisk3 calculation:

### Demographic Factors:
1. **Age** – Risk increases with age.
2. **Sex** – Male or female.
3. **Ethnicity** – Different ethnic groups have varying levels of cardiovascular risk.
4. **Deprivation Index** – Socioeconomic status, often measured using the Townsend deprivation score.

### Clinical and Lifestyle Factors:
5. **Smoking Status** – Current smoker, ex-smoker, or non-smoker.
6. **Body Mass Index (BMI)** – Calculated from height and weight.
7. **Systolic Blood Pressure** – Measured in mmHg.
8. **Total Cholesterol/HDL Ratio** – A marker of lipid balance.

### Medical History:
9. **Diabetes** – Type 1 or Type 2 diabetes.
10. **Atrial Fibrillation** – A heart condition associated with irregular heartbeat.
11. **Chronic Kidney Disease (CKD)** – Stage 3, 4, or 5 kidney impairment.
12. **Rheumatoid Arthritis** – An inflammatory autoimmune disease linked to increased cardiovascular risk.
13. **Systemic Lupus Erythematosus (SLE)** – Another autoimmune condition that elevates risk.
14. **Severe Mental Illness** – Includes conditions such as schizophrenia, bipolar disorder, or depression.
15. **Migraine** – Chronic migraines are associated with a slightly elevated risk.
16. **Corticosteroid Use** – Long-term use of systemic corticosteroids.
17. **Erectile Dysfunction** – In men, as this may be a marker of vascular disease.
18. **HIV/AIDS** – Chronic HIV infection can increase cardiovascular risk.

### Additional Factors (introduced in QRisk3):
19. **Chronic Inflammatory Conditions** – Such as psoriasis.
20. **Atypical Antipsychotic Use** – Certain medications for mental health conditions can impact risk.
21. **Systolic Blood Pressure Variability** – Fluctuations in blood pressure readings over time.
22. **History of Premature CVD in Family** – A first-degree relative having CVD before age 60.

### Exclusions:
QRisk3 is not intended for individuals with pre-existing cardiovascular disease (e.g., those who already have coronary heart disease, stroke, or peripheral vascular disease) as they are considered to be at high risk by default.

These variables are combined in the QRisk3 algorithm to provide a percentage risk score, which helps guide clinical decision-making regarding lifestyle changes, preventive measures, or medication such as statins. It is important to note that QRisk3 is designed for use in the UK and is tailored to population-specific data, so its applicability may vary in other regions.","['The model extracted information using This QRISK3 infosheet provides a comprehensive overview of the cardiovascular risk prediction model, including its methodology, a breakdown of traditional and additional risk factors, detailed validation results, and performance metrics..']"
Which features does the risk score use?,Can you enumerate the input variables for the QRisk3 cardiovascular risk prediction tool?,"The QRISK3 cardiovascular risk prediction tool uses a comprehensive set of input variables to estimate an individual's 10-year risk of cardiovascular disease. These include demographic factors such as age, sex, ethnic origin, and deprivation (measured by the Townsend score). Lifestyle factors include smoking status and body mass index (BMI). Additionally, clinical and medical history variables include systolic blood pressure, blood pressure variability, cholesterol ratio, family history of coronary heart disease, diabetes status, treated hypertension, rheumatoid arthritis, atrial fibrillation, chronic kidney disease, migraine, corticosteroid use, systemic lupus erythematosus, use of second-generation antipsychotics, severe mental illness, and erectile dysfunction or treatment in men. These variables collectively provide a detailed risk assessment for individuals aged 25–84 years.","Certainly! The QRisk3 cardiovascular risk prediction tool is a widely used algorithm for estimating a person's risk of developing cardiovascular disease (CVD) over the next 10 years. It incorporates a range of input variables to account for traditional risk factors, as well as additional clinical and demographic factors. Below is a detailed list of the input variables used in QRisk3:

### **Demographic Variables**
1. **Age** (years)
2. **Sex** (male or female)
3. **Ethnicity** (e.g., White, South Asian, Black Caribbean, Black African, Chinese, etc.)

### **Lifestyle Factors**
4. **Smoking status** (non-smoker, ex-smoker, light smoker, moderate smoker, or heavy smoker)
5. **Body mass index (BMI)** (kg/m²)

### **Medical History and Clinical Conditions**
6. **Systolic blood pressure** (mmHg)
7. **Total cholesterol/HDL cholesterol ratio** (ratio of total cholesterol to high-density lipoprotein cholesterol)
8. **Diabetes** (type 1 or type 2, or none)
9. **Hypertension treatment** (yes or no)
10. **Atrial fibrillation** (yes or no)
11. **Chronic kidney disease (CKD)** (stage 3, 4, or 5; yes or no)
12. **Rheumatoid arthritis** (yes or no)
13. **Systemic lupus erythematosus (SLE)** (yes or no)
14. **Severe mental illness** (e.g., schizophrenia, bipolar disorder, or other psychoses; yes or no)
15. **Corticosteroid use** (e.g., long-term use of oral steroids; yes or no)
16. **Migraine** (yes or no)
17. **Atypical antipsychotic use** (yes or no)
18. **Erectile dysfunction** (in men; yes or no)
19. **HIV/AIDS** (yes or no)

### **Family History**
20. **Family history of premature coronary heart disease** (e.g., heart attack or angina in a first-degree relative under the age of 60; yes or no)

These variables are combined in the QRisk3 algorithm to calculate an individual's 10-year risk of developing cardiovascular disease. The tool is designed to help clinicians and patients make informed decisions about lifestyle changes, preventive measures, and medical treatments to reduce cardiovascular risk.

Let me know if you'd like to dive deeper into how the algorithm works or any specific aspect of QRisk3!","['The model extracted information using This QRISK3 infosheet provides a comprehensive overview of the cardiovascular risk prediction model, including its methodology, a breakdown of traditional and additional risk factors, detailed validation results, and performance metrics..']"
Which features does the risk score use?,What elements contribute to the calculation of a QRisk3 score?,"The QRisk3 score is a predictive algorithm used to estimate the 10-year risk of cardiovascular disease in individuals aged 25-84 years. It incorporates a wide range of factors, including demographic factors (age, sex, ethnic origin, deprivation), physical and lifestyle factors (systolic blood pressure, blood pressure variability, BMI, smoking status), biochemical factors (cholesterol ratios), family history (coronary heart disease in first-degree relatives), medical history and comorbidities (diabetes, hypertension, rheumatoid arthritis, atrial fibrillation, chronic kidney disease, migraine, corticosteroid use, systemic lupus erythematosus, severe mental illness, antipsychotic use, erectile dysfunction), and interactions between variables. These factors collectively allow healthcare providers to assess cardiovascular risk comprehensively.","The **QRisk3 score** is a clinical risk prediction tool used to estimate an individual's 10-year risk of developing cardiovascular disease (CVD). It is an updated version of the QRisk2 score, incorporating additional risk factors to improve accuracy. The QRisk3 tool takes into account a wide range of demographic, clinical, and lifestyle factors. These elements include:

### 1. **Demographic Factors**
   - **Age:** Risk increases with age.
   - **Sex:** Men generally have a higher risk than women.
   - **Ethnicity:** Certain ethnic groups, such as South Asians, may have a higher risk.

### 2. **Medical History and Conditions**
   - **Diabetes:** Type 1 or Type 2 diabetes significantly increases risk.
   - **Chronic kidney disease (CKD):** Includes stages 3, 4, or 5.
   - **Atrial fibrillation (AF):** A heart rhythm abnormality that increases stroke risk.
   - **Rheumatoid arthritis (RA):** An inflammatory condition linked to higher CVD risk.
   - **Systemic lupus erythematosus (SLE):** Another autoimmune disease associated with increased risk.
   - **Severe mental illness (e.g., schizophrenia, bipolar disorder):** Known to elevate cardiovascular risk.
   - **Migraine:** Chronic migraine is included as a risk factor in QRisk3.
   - **Corticosteroid use:** Long-term use can impact cardiovascular health.
   - **Erectile dysfunction (in men):** May indicate underlying vascular issues.
   - **HIV/AIDS:** Associated with elevated cardiovascular risk.

### 3. **Lifestyle Factors**
   - **Smoking status:** Non-smoker, ex-smoker, or current smoker.
   - **Body mass index (BMI):** A measure of obesity, which is a major risk factor for CVD.

### 4. **Blood Pressure and Lipid Levels**
   - **Systolic blood pressure (SBP):** High blood pressure is a significant risk factor.
   - **Total cholesterol/HDL ratio:** A measure of lipid profile imbalance, which contributes to atherosclerosis.

### 5. **Family History of Cardiovascular Disease**
   - A first-degree relative (parent or sibling) with CVD under the age of 60 increases risk.

### 6. **Social and Environmental Factors**
   - **Deprivation score (Townsend score):** Socioeconomic status and deprivation level, as measured by the Townsend deprivation index.

### Interpretation and Use:
The QRisk3 score generates a percentage that estimates the likelihood of having a cardiovascular event (e.g., heart attack or stroke) within the next 10 years. Based on the score, clinicians can make decisions about lifestyle interventions or medical treatments, such as initiating statins or antihypertensive medications.

It is important to note that QRisk3 is designed to be used in the UK population and may not be fully applicable to other populations. It is also used as an aid, not a definitive diagnostic tool, and should be interpreted alongside clinical judgment.","['The model extracted information using This QRISK3 infosheet provides a comprehensive overview of the cardiovascular risk prediction model, including its methodology, a breakdown of traditional and additional risk factors, detailed validation results, and performance metrics..']"
Which features does the risk score use?,What patient details are necessary for generating a QRisk3 risk estimate?,"To generate a QRisk3 10-year cardiovascular disease (CVD) risk estimate, a range of demographic, clinical, lifestyle, and family history details are required. These include the patient's age, sex, ethnic origin, deprivation score, systolic blood pressure, body mass index, cholesterol levels, smoking status, family history of coronary heart disease, diabetes status, treated hypertension, rheumatoid arthritis, atrial fibrillation, chronic kidney disease, and additional factors such as systolic blood pressure variability, migraine, corticosteroid use, systemic lupus erythematosus, atypical antipsychotic use, severe mental illness, and erectile dysfunction (for men). Patients with pre-existing CVD or those prescribed statins at baseline are excluded from QRisk3 calculations.","The **QRisk3** algorithm is a widely used tool for estimating a person's 10-year risk of developing cardiovascular disease (CVD). To generate a QRisk3 score, you need specific patient details, including demographic, clinical, and lifestyle factors. Below is the list of required and optional data inputs:

---

### **1. Demographic Information**
- **Age** (required): QRisk3 is validated for individuals aged 25–84 years.
- **Sex** (required): Male or female.
- **Ethnicity** (required): Ethnic background significantly affects CVD risk (e.g., White, South Asian, Black, etc.).
- **Deprivation score** (optional): Typically measured using indices such as the Townsend deprivation score.

---

### **2. Clinical Factors**
- **Systolic blood pressure (SBP)** (required): Measured in mmHg.
- **Total cholesterol/HDL cholesterol ratio** (required): Cholesterol levels (a ratio is used instead of absolute values).
- **Body mass index (BMI)** (required): Calculated using height and weight (kg/m²).
- **Smoking status** (required): Current smoker, ex-smoker, or non-smoker.
- **Diabetes status** (required): Type 1 diabetes, Type 2 diabetes, or no diabetes.
- **Atrial fibrillation** (required): Presence or absence of atrial fibrillation.
- **Chronic kidney disease (CKD)** (required): Whether the patient has CKD (stage 3, 4, or 5).
- **Rheumatoid arthritis (RA)** (required): Presence or absence of RA.
- **Severe mental illness** (optional): Includes conditions such as schizophrenia or bipolar disorder.
- **Family history of CVD** (required): Whether a first-degree relative developed CVD under the age of 60.

---

### **3. Additional Risk Factors (Specific to QRisk3)**
QRisk3 includes additional variables not present in QRisk2, which enhance risk stratification:
- **Migraine** (optional): Presence or absence of migraine.
- **Systemic lupus erythematosus (SLE)** (optional): Presence or absence of SLE.
- **Use of atypical antipsychotics** (optional): Medications like olanzapine or risperidone.
- **Erectile dysfunction** (optional, for men): Indicates potential endothelial dysfunction.
- **Regular corticosteroid use** (optional): Use of corticosteroids (e.g., prednisone).
- **HIV/AIDS** (optional): Presence of HIV/AIDS.

---

### **Summary**
- **Required Inputs**: Age, sex, ethnicity, SBP, cholesterol/HDL ratio, BMI, smoking status, diabetes status, atrial fibrillation, CKD, RA, family history of CVD.
- **Optional Inputs**: Deprivation score, severe mental illness, migraine, SLE, atypical antipsychotic use, erectile dysfunction, corticosteroid use, HIV/AIDS.

---

### Notes
- Missing optional data can reduce the precision of the estimate but does not prevent calculation.
- The QRisk3 algorithm is designed for primary prevention. It is **not applicable** for patients already diagnosed with CVD.
- Ensure appropriate calibration for the population being assessed, as QRisk3 was developed using UK-based cohort data.

If you're implementing QRisk3 or using it clinically, make sure to use an up-to-date calculator or API certified for medical use.","['The model extracted information using This QRISK3 infosheet provides a comprehensive overview of the cardiovascular risk prediction model, including its methodology, a breakdown of traditional and additional risk factors, detailed validation results, and performance metrics..']"
Which features does the risk score use?,What parameters does the QRisk3 model consider when assessing cardiovascular risk?,"The QRisk3 model considers a wide range of parameters when assessing cardiovascular risk. These include established factors such as age, sex, ethnic origin, deprivation (measured by the Townsend score), systolic blood pressure, body mass index (BMI), total cholesterol to HDL cholesterol ratio, smoking status, family history of coronary heart disease, type 1 and type 2 diabetes, treated hypertension, rheumatoid arthritis, atrial fibrillation, and chronic kidney disease (stage 4 or 5). QRisk3 also introduces new factors like expanded definitions of chronic kidney disease (including stages 3, 4, or 5), systolic blood pressure variability, migraine, corticosteroid use, systemic lupus erythematosus (SLE), second-generation atypical antipsychotic use, severe mental illness (e.g., psychosis, schizophrenia, bipolar affective disease), and erectile dysfunction or its treatment in men. These parameters are combined to calculate a personalized 10-year cardiovascular risk score.","The **QRisk3** model is a widely used clinical tool to estimate an individual's risk of developing cardiovascular disease (CVD) over the next 10 years. It incorporates a variety of clinical, demographic, and lifestyle-related parameters to provide a personalized risk score. Below is a detailed list of the key parameters that the QRisk3 model considers:

### 1. **Demographic Factors**:
   - **Age**: Risk increases with age.
   - **Sex**: Risk differs between males and females.
   - **Ethnicity**: Risk can vary among different ethnic groups.

### 2. **Lifestyle Factors**:
   - **Smoking Status**: Includes current smoker, ex-smoker, or non-smoker.
   - **Body Mass Index (BMI)**: A measure of obesity, calculated using height and weight.

### 3. **Medical History**:
   - **Diabetes**: Type 1 or Type 2 diabetes.
   - **Chronic Kidney Disease (CKD)**: Stages 3, 4, or 5.
   - **Atrial Fibrillation**: A type of irregular heartbeat.
   - **Hypertension**: History of high blood pressure.
   - **Rheumatoid Arthritis**: An autoimmune disease that can increase CVD risk.
   - **Systemic Lupus Erythematosus (SLE)**: Another autoimmune condition associated with increased CVD risk.
   - **Migraine**: History of migraines.
   - **Severe Mental Illness**: Includes conditions like schizophrenia or bipolar disorder.
   - **Corticosteroid Use**: Regular use of steroids, which can raise risk.
   - **Erectile Dysfunction** (in men): Linked to endothelial dysfunction and CVD risk.

### 4. **Family History**:
   - **Family History of Coronary Heart Disease (CHD)**: Particularly if a first-degree relative had CHD before age 60.

### 5. **Clinical Measurements**:
   - **Systolic Blood Pressure (SBP)**: High blood pressure is a major risk factor.
   - **Total Cholesterol/HDL Ratio**: A lipid profile measurement used to assess dyslipidemia.
   - **HbA1c**: Measure of long-term blood sugar levels (for diabetic and pre-diabetic individuals).

### 6. **Additional Risk Enhancers (specific to QRisk3)**:
   - **Atypical Antipsychotic Medication**: Use of these medications can increase CVD risk.
   - **Severe Mental Illness**: Includes schizophrenia and bipolar disorder.
   - **HIV/AIDS**: Associated with increased cardiovascular risk.
   - **Chronic Inflammatory Conditions**: Such as psoriasis or inflammatory bowel disease (e.g., Crohn’s disease, ulcerative colitis).

---

### Summary
The QRisk3 model is more comprehensive than its predecessor (QRisk2) due to the inclusion of additional factors like inflammatory conditions, mental health conditions, and medication use. It provides a nuanced risk assessment specific to the individual, which can help guide preventive strategies, lifestyle modifications, and pharmacological interventions (e.g., statins or antihypertensives).

If you have further questions about the QRisk3 model or cardiovascular risk management, feel free to ask!","['The model extracted information using This QRISK3 infosheet provides a comprehensive overview of the cardiovascular risk prediction model, including its methodology, a breakdown of traditional and additional risk factors, detailed validation results, and performance metrics..']"
Why are these features included in the risk score?,"In QRISK3, does age increase or decrease the risk of cardiovascular disease?","Yes, age increases the risk of cardiovascular disease according to the QRISK3 model. The incidence of cardiovascular disease rises steeply by age group, and age is a key predictor variable in the model. Older individuals are generally at higher risk of developing cardiovascular disease compared to younger individuals.","In the QRISK3 cardiovascular risk score, **age increases the risk of cardiovascular disease (CVD)**. 

Age is one of the strongest and most consistent risk factors for CVD. As people get older, the cumulative effects of aging on the cardiovascular system—such as arterial stiffening, endothelial dysfunction, and the development of atherosclerosis—lead to a higher likelihood of experiencing cardiovascular events like heart attack or stroke. This is why QRISK3, like most CVD risk calculators, assigns greater weight to older age when estimating a person's 10-year risk of CVD. 

If you have further questions about QRISK3 or its inputs, feel free to ask!","['The model extracted information using This QRISK3 infosheet provides a comprehensive overview of the cardiovascular risk prediction model, including its methodology, a breakdown of traditional and additional risk factors, detailed validation results, and performance metrics..']"
Why are these features included in the risk score?,"In QRISK3, does sex increase or decrease the risk of cardiovascular disease?","Sex does influence cardiovascular disease risk. Men generally have a higher risk compared to women according to the QRISK3 model. The model accounts for these differences by creating separate risk equations for men and women. For example, factors like erectile dysfunction, specific to men, increase risk, while systemic lupus erythematosus has a greater percentage increased risk for women. Overall, sex increases the risk of cardiovascular disease in men compared to women.","In the QRISK3 cardiovascular risk prediction algorithm, **sex** (biological sex) plays a role as a predictor, and its impact on cardiovascular disease (CVD) risk differs between males and females.

- **Males**: Being male increases the risk of cardiovascular disease compared to females. This is because men generally have a higher baseline risk of developing CVD due to factors such as differences in hormones, lipid profiles, and vascular physiology.

- **Females**: Being female decreases the risk of cardiovascular disease compared to males. However, it's important to note that certain conditions unique to females (e.g., polycystic ovary syndrome, early menopause, or pregnancy-related complications like eclampsia) are accounted for in QRISK3 and can modulate the overall risk in female patients.

QRISK3 uses sex as one of many factors in calculating the 10-year risk of developing cardiovascular disease. It is not a standalone determinant but interacts with other variables such as age, blood pressure, cholesterol levels, diabetes status, and lifestyle factors.

So, to summarize:
- **Male sex increases CVD risk**.
- **Female sex decreases CVD risk**, but specific conditions may elevate risk in certain cases.","['The model extracted information using This QRISK3 infosheet provides a comprehensive overview of the cardiovascular risk prediction model, including its methodology, a breakdown of traditional and additional risk factors, detailed validation results, and performance metrics..']"
Why are these features included in the risk score?,"In QRISK3, does ethnicity increase or decrease the risk of cardiovascular disease?","Yes, ethnicity increases or decreases the risk of cardiovascular disease in QRISK3, depending on the specific ethnic group compared to the White population. For example, South Asian populations (Indian, Pakistani, Bangladeshi) have higher hazard ratios, indicating increased risk, whereas Black Caribbean, Black African, and Chinese populations tend to have lower hazard ratios, suggesting reduced risk. Other Asian groups show hazard ratios close to 1, indicating similar or slightly increased risk compared to White individuals.","In the **QRISK3** cardiovascular disease (CVD) risk calculator, **ethnicity** is one of the factors considered when estimating an individual's 10-year risk of developing CVD. Depending on the specific ethnicity, the risk may either be increased or decreased relative to the baseline risk associated with the general population (predominantly White individuals in the UK, where QRISK3 was developed).

Here’s an overview of how ethnicity typically impacts CVD risk in **QRISK3**:

1. **Ethnicities associated with an increased risk of CVD:**
   - South Asian individuals (e.g., Indian, Pakistani, Bangladeshi) generally have a **higher CVD risk** compared to White individuals. This is partly due to higher rates of conditions such as type 2 diabetes, central obesity, and dyslipidemia in these populations.
   - Black Caribbean and Black African individuals may also have higher risks, although the level of risk can vary depending on other factors, such as the presence of hypertension or diabetes.

2. **Ethnicities associated with a decreased or similar risk of CVD:**
   - Individuals of Chinese or other East Asian ethnicities often have a **lower or similar risk** of CVD compared to White individuals, though this may vary depending on lifestyle factors and comorbidities.
   - Other ethnic groups (e.g., those of mixed or other backgrounds) can have varying levels of risk based on subgroup and environmental factors.

### Why does ethnicity affect CVD risk?
Ethnicity influences CVD risk for a variety of reasons, including:
- Genetic predispositions (e.g., insulin resistance, cholesterol metabolism).
- Differences in prevalence of comorbidities such as diabetes or hypertension.
- Socioeconomic factors, access to healthcare, and environmental exposures.
- Lifestyle factors such as diet, physical activity, and smoking rates.

The **QRISK3 algorithm** uses ethnicity as an input to refine the risk estimate, ensuring that healthcare providers can provide more accurate and personalized advice. However, it’s critical to interpret the results in the context of the individual’s overall health profile.

### Key Takeaway
Ethnicity in QRISK3 can result in either an **increase** or **decrease** in calculated CVD risk, depending on the specific ethnic group. This adjustment helps ensure that the risk prediction is appropriate for diverse populations.","['The model extracted information using This QRISK3 infosheet provides a comprehensive overview of the cardiovascular risk prediction model, including its methodology, a breakdown of traditional and additional risk factors, detailed validation results, and performance metrics..']"
Why are these features included in the risk score?,"In QRISK3, does smoking status increase or decrease the risk of cardiovascular disease?","Smoking status increases the risk of cardiovascular disease in QRISK3. Based on hazard ratios, the risk is greater for heavy smokers compared to light or moderate smokers, and this trend is consistent for both men and women.","In the **QRISK3** cardiovascular risk prediction model, **smoking status increases the risk of cardiovascular disease (CVD)**. Smoking is a well-established and significant risk factor for CVD because it contributes to atherosclerosis, endothelial dysfunction, inflammation, and other processes that damage the cardiovascular system.

The QRISK3 model accounts for smoking by categorizing individuals into different smoking statuses, such as:

- **Non-smoker**
- **Ex-smoker**
- **Light smoker**
- **Moderate smoker**
- **Heavy smoker**

The level of risk increases with the intensity of smoking. For example, a heavy smoker would have a higher contribution to their overall QRISK3 score compared to a light smoker or non-smoker. This stratification allows the model to more accurately quantify the impact of smoking on an individual's 10-year risk of developing CVD.

In summary, smoking status is positively associated with an increased risk of cardiovascular disease in the QRISK3 model.","['The model extracted information using This QRISK3 infosheet provides a comprehensive overview of the cardiovascular risk prediction model, including its methodology, a breakdown of traditional and additional risk factors, detailed validation results, and performance metrics..']"
Why are these features included in the risk score?,"In QRISK3, does systolic blood pressure increase or decrease the risk of cardiovascular disease?","Systolic blood pressure is included in the QRISK3 risk prediction model for cardiovascular disease, which indicates that it impacts the risk. Based on general medical knowledge, higher systolic blood pressure levels are known to increase the risk of cardiovascular disease. Therefore, it is accurate to conclude that increased systolic blood pressure raises the risk of cardiovascular disease in the context of QRISK3.","In the QRISK3 cardiovascular disease (CVD) risk prediction algorithm, **systolic blood pressure (SBP)** is a key variable that contributes to the risk calculation. Higher systolic blood pressure generally **increases the risk** of cardiovascular disease.

This is because elevated systolic blood pressure is a well-established risk factor for conditions such as heart attack, stroke, and other cardiovascular events. Hypertension contributes to the development of atherosclerosis, arterial stiffness, and increased cardiac workload, all of which are associated with an increased likelihood of CVD.

QRISK3 takes into account systolic blood pressure as part of its multivariable model, alongside other factors such as age, sex, cholesterol levels, smoking status, and comorbidities, to estimate an individual's 10-year risk of developing cardiovascular disease.","['The model extracted information using This QRISK3 infosheet provides a comprehensive overview of the cardiovascular risk prediction model, including its methodology, a breakdown of traditional and additional risk factors, detailed validation results, and performance metrics..']"
Why are these features included in the risk score?,"In QRISK3, does total cholesterol to HDL ratio increase or decrease the risk of cardiovascular disease?","The total cholesterol to HDL ratio is positively associated with an increased risk of cardiovascular disease. This means that as the total cholesterol to HDL ratio increases, the risk of cardiovascular disease also increases. Higher ratios indicate a greater proportion of 'bad cholesterol' (LDL) relative to 'good cholesterol' (HDL), which is a known risk factor for cardiovascular disease.","In the QRISK3 algorithm, **the total cholesterol to HDL ratio is a key factor in assessing cardiovascular disease (CVD) risk**, and an **increase in this ratio is associated with a higher risk** of developing cardiovascular disease.

### Explanation:
- **Total cholesterol** includes all types of cholesterol in the blood, including LDL (""bad"" cholesterol) and HDL (""good"" cholesterol).
- **HDL cholesterol** helps remove excess cholesterol from the bloodstream, reducing the risk of plaque buildup in arteries. A higher HDL level is considered protective.
- The **total cholesterol to HDL ratio** reflects the balance between ""bad"" cholesterol and ""good"" cholesterol. A **higher ratio** indicates more ""bad"" cholesterol relative to ""good"" cholesterol, which can lead to an increased risk of atherosclerosis and cardiovascular events.

### Practical Implications for QRISK3:
- QRISK3 uses this ratio, along with other factors such as age, sex, smoking status, blood pressure, and medical history, to estimate the 10-year risk of CVD.
- Clinicians often aim to lower the total cholesterol to HDL ratio (e.g., through lifestyle changes, medications like statins, or dietary interventions) to reduce cardiovascular risk.

If your total cholesterol to HDL ratio is high, it may be worth discussing strategies to improve your cholesterol profile with your healthcare provider.","['The model extracted information using This QRISK3 infosheet provides a comprehensive overview of the cardiovascular risk prediction model, including its methodology, a breakdown of traditional and additional risk factors, detailed validation results, and performance metrics..']"
Why are these features included in the risk score?,"In QRISK3, does BMI increase or decrease the risk of cardiovascular disease?","Body mass index (BMI) is included as a predictor variable in QRISK3 for cardiovascular disease risk assessment. Higher BMI is generally associated with an increased risk of cardiovascular disease due to its contribution to conditions like hypertension, dyslipidemia, insulin resistance, and inflammation, which are key drivers of cardiovascular events.","In the QRISK3 risk calculator, **Body Mass Index (BMI)** is a factor that contributes to the overall assessment of cardiovascular disease (CVD) risk. Generally, **higher BMI values (indicating overweight or obesity)** are associated with an **increased risk** of cardiovascular disease. This is because excess body weight can lead to conditions such as hypertension, dyslipidemia, insulin resistance, and chronic inflammation, all of which are key contributors to CVD.

QRISK3 uses BMI as one of many variables in its algorithm to estimate the 10-year risk of developing CVD, alongside factors such as age, sex, smoking status, blood pressure, cholesterol levels, and medical history. While BMI is not the sole determinant, higher BMI typically correlates with greater risk.

It’s important to note that BMI is a proxy measure and does not directly account for body composition (e.g., fat vs. muscle distribution). Nonetheless, in the context of QRISK3, an elevated BMI contributes to increasing the calculated CVD risk.","['The model extracted information using This QRISK3 infosheet provides a comprehensive overview of the cardiovascular risk prediction model, including its methodology, a breakdown of traditional and additional risk factors, detailed validation results, and performance metrics..']"
Why are these features included in the risk score?,"In QRISK3, does family history of coronary heart disease increase or decrease the risk of cardiovascular disease?","Yes, family history of coronary heart disease increases the risk of cardiovascular disease according to the QRISK3 model. For women, it increases the risk by 58%, and for men, it increases the risk by 72%. This highlights the importance of including family history as a significant factor when assessing cardiovascular disease risk.","In the **QRISK3** cardiovascular risk assessment tool, a **family history of coronary heart disease (CHD)** increases the estimated risk of cardiovascular disease (CVD). Specifically, QRISK3 takes into account whether a first-degree relative (parent or sibling) was diagnosed with coronary heart disease at an early age (e.g., before 60 years). This factor reflects a genetic predisposition or shared lifestyle factors, which are associated with a higher likelihood of developing CVD. 

In clinical practice, identifying a family history of CHD helps stratify patients into higher-risk categories, guiding decisions about prevention strategies like lifestyle changes, lipid-lowering therapies, or other interventions.","['The model extracted information using This QRISK3 infosheet provides a comprehensive overview of the cardiovascular risk prediction model, including its methodology, a breakdown of traditional and additional risk factors, detailed validation results, and performance metrics..']"
Why are these features included in the risk score?,"In QRISK3, does Townsend deprivation score increase or decrease the risk of cardiovascular disease?","The Townsend deprivation score increases the risk of cardiovascular disease in QRISK3. Higher levels of deprivation, as measured by the Townsend score, are associated with increased cardiovascular risk. Specifically, a 5-unit increase in the Townsend score corresponds to a hazard ratio of 1.47 for women and 1.18 for men. This demonstrates that socioeconomic deprivation contributes to poorer health outcomes, including cardiovascular disease risk.","The **Townsend deprivation score**, used in the QRISK3 cardiovascular risk assessment tool, is a measure of socioeconomic deprivation. Higher Townsend scores indicate greater levels of deprivation, which are associated with an increased risk of cardiovascular disease (CVD).

Socioeconomic deprivation can negatively impact health through factors such as limited access to healthcare, poorer diet, higher rates of smoking, and increased stress. These factors contribute to a higher risk of CVD. Therefore, a higher Townsend deprivation score is associated with an **increased risk** of cardiovascular disease in QRISK3.

If you're working with QRISK3 or interpreting its output, the Townsend score is one of the variables factored into the algorithm to estimate a person's 10-year risk of developing CVD.","['The model extracted information using This QRISK3 infosheet provides a comprehensive overview of the cardiovascular risk prediction model, including its methodology, a breakdown of traditional and additional risk factors, detailed validation results, and performance metrics..']"
Why are these features included in the risk score?,"In QRISK3, does treated hypertension increase or decrease the risk of cardiovascular disease?","In the QRISK3 model, treated hypertension is associated with an increased risk of cardiovascular disease. Specifically, for women, the risk increases by approximately 66%, and for men, the risk increases by approximately 68%. This is indicated by hazard ratios of 1.66 for women and 1.68 for men, which reflect a significant elevation in cardiovascular risk for individuals with treated hypertension.","In QRISK3, *treated hypertension* increases the calculated risk of cardiovascular disease (CVD). 

QRISK3 is a widely used algorithm for estimating an individual's 10-year risk of developing CVD, and it takes into account multiple factors, including whether someone has *treated hypertension* (i.e., high blood pressure managed with medication). While antihypertensive treatment helps lower blood pressure and reduces the risk of adverse cardiovascular events, the presence of *treated hypertension* itself is considered a marker of increased baseline cardiovascular risk. This is because hypertension—whether treated or untreated—is a significant risk factor for CVD.

So, in summary, QRISK3 includes treated hypertension as a risk factor that contributes to a higher overall calculated cardiovascular risk.","['The model extracted information using This QRISK3 infosheet provides a comprehensive overview of the cardiovascular risk prediction model, including its methodology, a breakdown of traditional and additional risk factors, detailed validation results, and performance metrics..']"
Why are these features included in the risk score?,"In QRISK3, does type 1 diabetes increase or decrease the risk of cardiovascular disease?","Type 1 diabetes significantly increases the risk of cardiovascular disease according to the QRISK3 model. For women, the risk is over 5.6 times higher compared to those without type 1 diabetes, while for men, the risk is approximately 3.4 times higher. This highlights type 1 diabetes as a major risk factor for cardiovascular disease, with a greater impact observed in women.","In the **QRISK3** cardiovascular risk assessment tool, **type 1 diabetes** is considered a significant risk factor that **increases** the risk of cardiovascular disease (CVD). 

Type 1 diabetes is associated with chronic hyperglycemia, inflammation, and other metabolic disturbances that contribute to the development of atherosclerosis and other cardiovascular complications. As a result, people with type 1 diabetes are at higher risk of conditions such as heart attacks and strokes compared to individuals without diabetes.

QRISK3 includes type 1 diabetes as a distinct variable to account for this elevated risk when estimating the 10-year risk of CVD, alongside other factors like age, sex, smoking status, blood pressure, and cholesterol levels.

This highlights the importance of managing cardiovascular risk factors aggressively in people with type 1 diabetes to reduce their overall CVD risk.","['The model extracted information using This QRISK3 infosheet provides a comprehensive overview of the cardiovascular risk prediction model, including its methodology, a breakdown of traditional and additional risk factors, detailed validation results, and performance metrics..']"
Why are these features included in the risk score?,"In QRISK3, does type 2 diabetes increase or decrease the risk of cardiovascular disease?","In QRISK3, type 2 diabetes increases the risk of cardiovascular disease. For women, it increases the risk by 191%, and for men, it increases the risk by 136%, as indicated by the respective hazard ratios.","In the QRISK3 cardiovascular risk calculator, **type 2 diabetes increases the risk of cardiovascular disease** (CVD). Type 2 diabetes is a well-established risk factor for CVD because it is associated with elevated blood glucose levels, insulin resistance, chronic inflammation, and other metabolic abnormalities that contribute to the development of atherosclerosis and vascular damage.

QRISK3 incorporates type 2 diabetes as one of its variables to estimate the 10-year risk of CVD for an individual. Patients with type 2 diabetes are generally at higher risk compared to those without diabetes, and this is reflected in the calculation. It’s important for people with type 2 diabetes to manage their blood sugar levels, blood pressure, cholesterol, and other modifiable risk factors to reduce their overall cardiovascular risk.","['The model extracted information using This QRISK3 infosheet provides a comprehensive overview of the cardiovascular risk prediction model, including its methodology, a breakdown of traditional and additional risk factors, detailed validation results, and performance metrics..']"
Why are these features included in the risk score?,"In QRISK3, does renal disease increase or decrease the risk of cardiovascular disease?","Renal disease significantly increases the risk of cardiovascular disease in QRISK3. Chronic kidney disease (stage 3, 4, or 5) is included as a risk factor, with women experiencing a 92% increased risk and men experiencing a 105% increased risk compared to those without chronic kidney disease.","In the **QRISK3** cardiovascular risk assessment tool, **renal disease** increases the risk of cardiovascular disease (CVD). 

Specifically, chronic kidney disease (CKD)—particularly moderate to severe stages (e.g., CKD stages 3, 4, or 5)—is a well-known risk factor for CVD. Impaired kidney function is associated with a pro-inflammatory state, abnormal lipid metabolism, hypertension, and other factors that contribute to an elevated risk of atherosclerosis and cardiovascular events such as heart attacks and strokes.

QRISK3 incorporates the presence of CKD in its algorithm to refine the estimation of an individual's 10-year cardiovascular risk, making it an important factor to consider in clinical decision-making.","['The model extracted information using This QRISK3 infosheet provides a comprehensive overview of the cardiovascular risk prediction model, including its methodology, a breakdown of traditional and additional risk factors, detailed validation results, and performance metrics..']"
Why are these features included in the risk score?,"In QRISK3, does atrial fibrillation increase or decrease the risk of cardiovascular disease?","Atrial fibrillation significantly increases the risk of cardiovascular disease, according to QRISK3. For women, the hazard ratio is 4.92, indicating a strong association, and for men, the hazard ratio is 2.42, also indicating an increased risk. These values show that atrial fibrillation substantially contributes to cardiovascular disease risk, with a more pronounced effect in women.","In the QRISK3 cardiovascular risk calculator, **atrial fibrillation (AF)** is a risk **increasing factor** for cardiovascular disease (CVD). 

Atrial fibrillation is a condition characterized by an irregular and often rapid heart rhythm, which can lead to poor blood flow and an increased likelihood of complications such as stroke, heart failure, and other cardiovascular events. The presence of atrial fibrillation in an individual contributes to a higher calculated risk score in QRISK3, reflecting its association with adverse cardiovascular outcomes.","['The model extracted information using This QRISK3 infosheet provides a comprehensive overview of the cardiovascular risk prediction model, including its methodology, a breakdown of traditional and additional risk factors, detailed validation results, and performance metrics..']"
Why are these features included in the risk score?,"In QRISK3, does migraine increase or decrease the risk of cardiovascular disease?","Migraine increases the risk of cardiovascular disease. According to research incorporated into the QRISK3 model, individuals with migraines have an elevated risk, with hazard ratios of 1.35 for women (35% increased risk) and 1.29 for men (29% increased risk). This makes migraine a recognized risk factor in predicting cardiovascular disease.","In QRISK3, **migraine increases the risk of cardiovascular disease**. QRISK3 is a widely used risk calculator in the UK for estimating the 10-year risk of developing cardiovascular disease (CVD). Migraine is included as one of the risk factors in the model because studies have shown that individuals with migraines, especially those with aura, are at a higher risk of certain cardiovascular events, such as ischemic stroke and myocardial infarction.

If you're using QRISK3 to assess someone's risk, it's important to accurately input their history of migraine, as it can influence the calculated risk score. Always consult a healthcare professional for personalized advice and interpretation of results.","['The model extracted information using This QRISK3 infosheet provides a comprehensive overview of the cardiovascular risk prediction model, including its methodology, a breakdown of traditional and additional risk factors, detailed validation results, and performance metrics..']"
Why are these features included in the risk score?,"In QRISK3, does rheumatoid arthritis increase or decrease the risk of cardiovascular disease?","Rheumatoid arthritis increases the risk of cardiovascular disease. For individuals with rheumatoid arthritis, women have a 24% increased risk and men have a 23% increased risk of cardiovascular disease compared to those without rheumatoid arthritis. This association is reflected in the QRISK3 model.","In QRISK3, rheumatoid arthritis **increases** the risk of cardiovascular disease (CVD). Rheumatoid arthritis is a chronic inflammatory condition that is associated with systemic inflammation, which can contribute to the development of atherosclerosis and other cardiovascular complications. QRISK3, a widely used algorithm for estimating an individual's 10-year risk of developing CVD, includes rheumatoid arthritis as one of the risk factors in its calculation because people with this condition are at higher risk compared to the general population.","['The model extracted information using This QRISK3 infosheet provides a comprehensive overview of the cardiovascular risk prediction model, including its methodology, a breakdown of traditional and additional risk factors, detailed validation results, and performance metrics..']"
Why are these features included in the risk score?,"In QRISK3, does systemic lupus erythematosus increase or decrease the risk of cardiovascular disease?","Systemic lupus erythematosus (SLE) is associated with an increased risk of cardiovascular disease (CVD). Specifically, in women, SLE increases the risk by 115%, while in men, it increases the risk by 55%. This highlights its significant contribution to higher predicted CVD risk.","Systemic lupus erythematosus (SLE) **increases** the risk of cardiovascular disease (CVD) according to QRISK3, a widely used tool for assessing 10-year cardiovascular risk in clinical practice.

SLE is a systemic autoimmune condition that is associated with chronic inflammation, endothelial dysfunction, and an increased prevalence of traditional cardiovascular risk factors (e.g., hypertension, dyslipidemia). These factors collectively contribute to the elevated risk of atherosclerosis and cardiovascular events in individuals with SLE. QRISK3 accounts for this by including SLE as a specific risk factor that increases the calculated 10-year risk of cardiovascular disease.

If you have further questions, feel free to ask!","['The model extracted information using This QRISK3 infosheet provides a comprehensive overview of the cardiovascular risk prediction model, including its methodology, a breakdown of traditional and additional risk factors, detailed validation results, and performance metrics..']"
Why are these features included in the risk score?,"In QRISK3, does severe mental illness increase or decrease the risk of cardiovascular disease?","Severe mental illness is associated with an increased risk of cardiovascular disease in the QRISK3 model. Specifically, it increases the risk by 14% for women and 13% for men.","In the QRISK3 cardiovascular risk prediction tool, *severe mental illness* is considered a risk factor that **increases** the risk of developing cardiovascular disease (CVD). Severe mental illness includes conditions such as schizophrenia, bipolar disorder, and major depressive disorder. 

There are several reasons why severe mental illness contributes to elevated CVD risk:

1. **Lifestyle Factors**: People with severe mental illness may engage in behaviors that increase CVD risk, such as smoking, poor diet, physical inactivity, and substance use.
2. **Medication Side Effects**: Some psychiatric medications, such as antipsychotics or mood stabilizers, can lead to weight gain, dyslipidemia, or insulin resistance, which are known risk factors for CVD.
3. **Biological Factors**: Chronic inflammation, dysregulation of the hypothalamic-pituitary-adrenal (HPA) axis, and metabolic disturbances are more common among individuals with severe mental illness.
4. **Barriers to Healthcare**: Individuals with severe mental illness may face challenges in accessing preventive healthcare, leading to inadequate management of other CVD risk factors like hypertension or diabetes.

Because QRISK3 incorporates severe mental illness as a variable, it highlights the importance of addressing this population's heightened CVD risk through targeted interventions, regular monitoring, and a holistic approach to healthcare.","['The model extracted information using This QRISK3 infosheet provides a comprehensive overview of the cardiovascular risk prediction model, including its methodology, a breakdown of traditional and additional risk factors, detailed validation results, and performance metrics..']"
Why are these features included in the risk score?,"In QRISK3, does use of atypical antipsychotics increase or decrease the risk of cardiovascular disease?","The use of atypical antipsychotics is associated with an increased risk of cardiovascular disease, as determined by the QRISK3 model. Specifically, it is linked to a 29% increased risk for women and a 15% increased risk for men.","In QRISK3, the use of **atypical antipsychotics** is associated with an **increased risk** of cardiovascular disease (CVD). QRISK3 is a widely used algorithm for estimating the 10-year risk of developing CVD, and it incorporates various clinical and lifestyle factors, including the use of certain medications.

Atypical antipsychotics, such as **olanzapine**, **risperidone**, and **quetiapine**, are known to potentially contribute to metabolic side effects, including weight gain, dyslipidemia (abnormal cholesterol levels), and hyperglycemia (high blood sugar), all of which are risk factors for CVD. Consequently, QRISK3 includes this as one of the factors that may increase cardiovascular risk.

If you are assessing a patient's cardiovascular risk using QRISK3, the use of atypical antipsychotics should be considered as part of the calculation, as it may move the risk score higher.","['The model extracted information using This QRISK3 infosheet provides a comprehensive overview of the cardiovascular risk prediction model, including its methodology, a breakdown of traditional and additional risk factors, detailed validation results, and performance metrics..']"
Why are these features included in the risk score?,"In QRISK3, does regular steroid use increase or decrease the risk of cardiovascular disease?","Regular steroid use increases the risk of cardiovascular disease according to the QRISK3 model. Research shows that women who use corticosteroids have an 81% increased risk, while men have a 58% increased risk compared to those who do not use corticosteroids.","In the **QRISK3** risk assessment tool, **regular steroid use increases the risk of cardiovascular disease (CVD).** 

QRISK3 is a predictive model used in clinical practice to estimate an individual's 10-year risk of developing CVD, such as heart attack or stroke. It incorporates a wide range of risk factors, including lifestyle factors, medical history, and certain medications or conditions. 

Regular use of systemic steroids (like oral corticosteroids) is associated with an increased risk of CVD due to their potential effects on blood pressure, glucose metabolism (which can contribute to diabetes), lipid profiles, and inflammation. These effects can collectively contribute to a higher likelihood of developing atherosclerosis and other cardiovascular problems.

If someone using steroids is concerned about their cardiovascular risk, they should discuss their medication and overall risk profile with their healthcare provider.","['The model extracted information using This QRISK3 infosheet provides a comprehensive overview of the cardiovascular risk prediction model, including its methodology, a breakdown of traditional and additional risk factors, detailed validation results, and performance metrics..']"
Why are these features included in the risk score?,"In QRISK3, does erectile dysfunction increase or decrease the risk of cardiovascular disease?",Erectile dysfunction increases the risk of cardiovascular disease. It is associated with a 25% higher likelihood of developing cardiovascular disease within 10 years compared to men without erectile dysfunction.,"Erectile dysfunction (ED) **increases** the risk of cardiovascular disease (CVD) in the QRISK3 model. 

QRISK3 is a risk prediction algorithm used to estimate an individual's 10-year risk of developing cardiovascular disease. It includes various factors, such as age, sex, smoking status, medical history, and specific conditions that are associated with an elevated cardiovascular risk. Erectile dysfunction is included as one of these risk factors because it is often linked to endothelial dysfunction, which plays a role in the development of atherosclerosis and cardiovascular disease. 

If erectile dysfunction is present, it contributes to a higher estimated risk of cardiovascular disease in the QRISK3 calculation.","['The model extracted information using This QRISK3 infosheet provides a comprehensive overview of the cardiovascular risk prediction model, including its methodology, a breakdown of traditional and additional risk factors, detailed validation results, and performance metrics..']"
How was the risk score validated?,What dataset was used in the development and validation of the QRisk3 risk score?,"The dataset used in the development and validation of the QRISK3 risk score was the QResearch database (version 41). It included data from 1309 general practices in England, with 981 practices forming the derivation cohort and 328 practices forming the validation cohort. The derivation cohort consisted of 7.89 million patients aged 25-84 years, while the validation cohort included 2.67 million patients. All patients were free of cardiovascular disease and not on statins at baseline.","The QRisk3 risk score was developed and validated using data from the **QResearch database**, which is one of the largest and most comprehensive primary care databases in the UK. The QResearch database contains anonymized electronic health records collected from general practices, including a wide range of patient demographic, clinical, and lifestyle information.

For QRisk3, the development involved analyzing routinely collected data from millions of patients to derive a predictive model for estimating the risk of cardiovascular disease (CVD). The dataset includes information such as age, sex, medical history (e.g., diabetes, atrial fibrillation, chronic kidney disease), lifestyle factors (e.g., smoking status, alcohol consumption), and other relevant clinical variables.

Researchers used this data to refine and extend the earlier QRisk models (QRisk1 and QRisk2), incorporating additional risk factors like migraine, systemic lupus erythematosus, atypical antipsychotic use, and erectile dysfunction. The QRisk3 score provides a more comprehensive assessment of cardiovascular risk compared to its predecessors.","['The model extracted information using This QRISK3 infosheet provides a comprehensive overview of the cardiovascular risk prediction model, including its methodology, a breakdown of traditional and additional risk factors, detailed validation results, and performance metrics..']"
How was the risk score validated?,Which data sources were employed to create and verify the QRisk3 risk score?,"The QRisk3 risk score was created using data from the QResearch database, which included information from 981 general practices in England. The derivation cohort consisted of 7.89 million patients aged 25 to 84 years who were free of cardiovascular disease and not prescribed statins at baseline. Validation was performed using data from a separate set of 328 general practices, encompassing 2.67 million patients meeting similar criteria. Cardiovascular disease outcomes were identified through linked general practice records, mortality records, and hospital admission records.","The QRisk3 risk score is a clinical tool developed to estimate an individual's 10-year risk of developing cardiovascular disease (CVD). It builds upon earlier versions, such as QRisk2, and incorporates additional risk factors for improved accuracy. The development and validation of QRisk3 relied on extensive and high-quality data sources. Here is a summary of the key data sources employed:

### 1. **Primary Care Electronic Health Records (EHRs)**:
   - The QRisk3 algorithm was developed using anonymized data from the **QResearch database**, one of the largest and most comprehensive databases of general practice records in the UK.
   - QResearch contains longitudinal data collected from millions of patients across general practices, including demographic information, clinical diagnoses, prescribed medications, laboratory results, and lifestyle factors (e.g., smoking status, BMI).

### 2. **Validation Datasets**:
   - The researchers validated QRisk3 using independent datasets within QResearch, ensuring it performed well across diverse populations and subgroups.
   - The validation process involved comparing QRisk3 predictions with observed cardiovascular outcomes in real-world patient cohorts.

### 3. **Linkage to External Databases**:
   - To ensure comprehensive validation, the QResearch database was linked to other national datasets, such as:
     - **Hospital Episode Statistics (HES)**: Provides data on hospital admissions and diagnoses, including cardiovascular events.
     - **Office for National Statistics (ONS)**: Offers mortality data to account for deaths related to cardiovascular disease.
     - **Myocardial Ischaemia National Audit Project (MINAP)**: Supplies data on acute coronary syndromes, helping refine the accuracy of predictions for heart attack risks.

### 4. **Population Diversity**:
   - QRisk3 was developed using data from a large, ethnically diverse population in the UK, ensuring applicability to various demographic groups. Special attention was given to underrepresented populations in earlier risk scores.

### 5. **Inclusion of Novel Risk Factors**:
   - QRisk3 incorporates additional risk factors compared to QRisk2, such as:
     - Severe mental illness
     - Migraine
     - Systemic lupus erythematosus (SLE)
     - Atypical antipsychotic medication use
     - Chronic kidney disease (CKD) stages 3–5
     - Erectile dysfunction
     - Socioeconomic deprivation (e.g., Townsend score)
   - These factors were included based on evidence from epidemiological studies and their representation in the QResearch database.

### Summary:
The QRisk3 risk score was developed and validated using the **QResearch database**, supplemented by linked national datasets (e.g., HES, ONS, MINAP). These sources ensured that the model reflected real-world patient data and captured a broad range of risk factors for cardiovascular disease. This robust methodology ensures QRisk3's reliability and applicability across clinical settings.","['The model extracted information using This QRISK3 infosheet provides a comprehensive overview of the cardiovascular risk prediction model, including its methodology, a breakdown of traditional and additional risk factors, detailed validation results, and performance metrics..']"
How was the risk score validated?,How was the QResearch database divided into derivation and validation sets for developing and validating the QRisk3 risk score?,"The QResearch database was divided into derivation and validation sets for developing and validating the QRISK3 risk score by allocating data from 1,309 general practices in England. Specifically, 981 practices were used for the derivation cohort, including 7.89 million patients aged 25-84 years who were free of cardiovascular disease and not prescribed statins at baseline. The validation cohort consisted of 328 practices and 2.67 million patients with the same inclusion criteria. Patients were followed for cardiovascular outcomes, and the validation cohort was used to assess the performance of the QRISK3 model in terms of discrimination and calibration, comparing predicted versus observed risks across various subgroups and deciles of predicted risk. This structured division ensured robust development and independent validation of the model.","The **QResearch database** was a large, representative, and anonymized primary care dataset in the UK that was used for the development and validation of the **QRisk3 risk score**, a tool for predicting cardiovascular disease (CVD) risk.

To ensure robust development and validation of the QRisk3 model, the database was divided into **derivation** and **validation** cohorts as follows:

1. **Derivation Cohort**:  
   - The derivation cohort was used to develop the QRisk3 risk score. It consisted of data from a random sample of general practices within the QResearch database.  
   - Specifically, 75% of the practices in the database were randomly selected for the derivation cohort. These data were used to build the statistical model and identify risk factors, coefficients, and weights contributing to the prediction of cardiovascular disease.

2. **Validation Cohort**:  
   - The validation cohort was used to test the performance of the QRisk3 model on unseen data.  
   - The remaining 25% of the general practices not included in the derivation cohort made up the validation cohort. These data were not used during model development but were instead used to evaluate how well the model performed in terms of discrimination (e.g., C-statistics) and calibration (agreement between predicted and observed risk).

This division of the database ensured that the validation was conducted on a completely independent dataset, minimizing the risk of overfitting and providing an unbiased estimate of the model’s performance in routine clinical practice.

The QRisk3 score incorporates traditional risk factors for cardiovascular disease (such as age, sex, smoking status, and blood pressure) along with additional variables (e.g., mental health conditions, chronic kidney disease, and systemic inflammatory disorders) to improve risk prediction. The robust derivation and validation process contributed to its widespread adoption in clinical practice.","['The model extracted information using This QRISK3 infosheet provides a comprehensive overview of the cardiovascular risk prediction model, including its methodology, a breakdown of traditional and additional risk factors, detailed validation results, and performance metrics..']"
How was the risk score validated?,What method was used to split the QResearch dataset into training and testing cohorts for the QRisk3 risk score?,"The QResearch dataset for the QRisk3 risk score was split into training (derivation) and testing (validation) cohorts using a practice-based split method. Specifically, 981 general practices were used for the derivation cohort (training), and a separate set of 328 practices were used for the validation cohort (testing). This ensured that the training and testing cohorts were distinct and independent, improving the reliability of the validation process.","The QResearch dataset, used for the development of the QRisk3 cardiovascular risk score, was split into training and testing cohorts using a **temporal split** method. This approach involves dividing the dataset based on time, ensuring that data from earlier periods is used for training, while data from later periods is reserved for testing. Specifically:

1. **Training Cohort**: The QRisk3 model was developed using patient records from earlier years in the QResearch database. This allowed researchers to analyze historical data and identify patterns to build the predictive model.

2. **Testing Cohort**: The model was validated using patient records from subsequent years that were not part of the training data. This ensures the model is evaluated on unseen data, simulating how the model would perform when applied to future patients in real-world settings.

The use of a temporal split is particularly important in medical research to prevent data leakage and to ensure that the model generalizes well to prospective data, reflecting its predictive validity in clinical practice.","['The model extracted information using This QRISK3 infosheet provides a comprehensive overview of the cardiovascular risk prediction model, including its methodology, a breakdown of traditional and additional risk factors, detailed validation results, and performance metrics..']"
How was the risk score validated?,How was the accuracy of the QRisk3 risk score evaluated?,"The accuracy of the QRISK3 risk score was evaluated using data from a large cohort study consisting of over 10 million patients from general practices in England. Validation metrics included measures of discrimination (Harrell’s C statistic, D statistic), explained variation (R²), and calibration (comparison of predicted vs. observed risks). The model demonstrated high discrimination, with C statistics of 0.88 for women and 0.86 for men, and explained variation of 59.6% for women and 54.8% for men. Calibration showed good agreement between predicted and observed risks overall, though slight underestimation was noted in younger age groups. Performance was also analyzed across subgroups, revealing variations in discrimination across different age groups, ethnicities, and comorbidities. Overall, QRISK3 showed robust validation and accuracy in predicting cardiovascular disease risk.","The accuracy of the QRisk3 risk score, which is used to predict the 10-year risk of developing cardiovascular disease (CVD), was evaluated through a rigorous process involving statistical validation techniques and large-scale population data. Here’s an overview of how its accuracy was assessed:

### 1. **Development and Validation Using Cohort Data**
QRisk3 was developed and validated using primary care data from the **UK Clinical Practice Research Datalink (CPRD)**, which includes anonymized health records of millions of patients. The dataset was split into two groups:
   - **Development cohort**: Used to derive the risk score formula.
   - **Validation cohort**: Used to test the model’s performance on unseen data.

### 2. **Use of Key Metrics for Accuracy Evaluation**
Several statistical methods and metrics were used to evaluate the model's accuracy:

   - **Discrimination**: The ability of QRisk3 to distinguish between individuals who will develop CVD and those who will not. This was assessed using the **C-statistic (area under the receiver operating characteristic curve, or AUC)**. A higher C-statistic (closer to 1.0) indicates better discrimination.

   - **Calibration**: The agreement between predicted risk and observed outcomes. Calibration was assessed by comparing predicted 10-year CVD risks to the actual observed risks in the validation cohort. Visualization often involves calibration plots to check for overestimation or underestimation.

   - **Net Reclassification Index (NRI)**: QRisk3 was compared to earlier versions, such as QRisk2, to evaluate whether it improved risk classification, especially in subgroups with additional risk factors, such as chronic kidney disease, atrial fibrillation, or severe mental illness.

### 3. **Inclusion of Diverse Covariates**
QRisk3 includes a broader range of covariates than its predecessor, QRisk2, such as severe mental illness, corticosteroid use, and systemic lupus erythematosus, among others. The inclusion of these additional variables was tested to assess how their incorporation improved model performance.

### 4. **External Validation**
The QRisk3 score underwent external validation in independent datasets beyond the original development and validation cohorts. This step is crucial for assessing the generalizability of the risk score to different populations, healthcare settings, and timeframes.

### 5. **Comparison with Alternative Risk Scores**
QRisk3 was also evaluated by comparing its performance to other commonly used cardiovascular risk scores, such as the Framingham Risk Score (FRS) and the American College of Cardiology/American Heart Association (ACC/AHA) Pooled Cohort Equations. This comparison examined whether QRisk3 provided superior discrimination and calibration for the UK population.

### 6. **Published Results**
The results of the evaluation were published in peer-reviewed journals. For example, the original QRisk3 study demonstrated good calibration and a C-statistic of approximately 0.80–0.83 in both men and women, indicating strong predictive accuracy.

### 7. **Independent Reviews and Real-World Validation**
The performance of QRisk3 has been independently reviewed by organizations such as the National Institute for Health and Care Excellence (NICE) in the UK. Additionally, the score's accuracy continues to be monitored in real-world settings, where its predictions are compared to observed outcomes over time.

In summary, the accuracy of QRisk3 was evaluated comprehensively using a combination of statistical metrics, internal and external validation, and comparisons with other risk scores. This robust testing ensures that it provides reliable and clinically useful predictions of cardiovascular risk.","['The model extracted information using This QRISK3 infosheet provides a comprehensive overview of the cardiovascular risk prediction model, including its methodology, a breakdown of traditional and additional risk factors, detailed validation results, and performance metrics..']"
How was the risk score validated?,What metrics were used to assess the performance of the QRisk3 risk score?,"The performance of the QRISK3 risk score was assessed using metrics of calibration and discrimination. Calibration involved comparing the predicted 10-year cardiovascular risk to the observed risk, showing overall good alignment, with slight overprediction in younger age groups. Discrimination was evaluated using metrics such as R² (explained variation: 59.6% for women and 54.8% for men), D Statistic (2.48 for women and 2.26 for men), and Harrell’s C Statistic (0.88 for women and 0.86 for men), indicating high levels of model accuracy. Subgroup analyses showed variations in performance across different age groups and ethnicities, with younger age groups and certain ethnic subgroups (e.g., Chinese women) demonstrating higher discrimination. Additionally, reclassification statistics compared QRISK3 to QRISK2, highlighting its sensitivity to new risk factors.","The QRisk3 risk score is a clinical tool used to estimate the risk of developing cardiovascular disease (CVD) over the next 10 years. It was developed as an update to QRisk2 and incorporates additional risk factors to improve predictive accuracy. To assess the performance of QRisk3, researchers typically use the following metrics:

### 1. **Discrimination Metrics**
   - **C-statistic (Area Under the Receiver Operating Characteristic Curve, AUC):**
     The C-statistic measures the ability of the model to discriminate between individuals who will experience a cardiovascular event and those who will not. A value of 1 indicates perfect discrimination, while 0.5 indicates no better discrimination than random chance. QRisk3 typically achieves high discrimination, with reported C-statistics in the range of ~0.75 to 0.85 in validation studies.

### 2. **Calibration Metrics**
   - **Calibration Plot or Calibration Slope:**
     Calibration assesses how closely the predicted risk aligns with the observed risk. A well-calibrated model shows agreement between predicted probabilities and actual event rates across different risk groups. Calibration is often evaluated visually using a calibration plot or quantitatively using a calibration slope.
   - **Hosmer-Lemeshow Test:**
     This statistical test evaluates the goodness-of-fit by comparing observed and expected event rates in different risk deciles. However, it is sensitive to sample size and may not always be the best indicator for very large datasets.

### 3. **Net Benefit Assessment**
   - **Decision Curve Analysis (DCA):**
     DCA evaluates the clinical utility of QRisk3 by assessing the net benefit of using the risk score at various risk thresholds. This metric helps determine whether the model improves decision-making for preventive interventions (e.g., lipid-lowering therapy).

### 4. **Reclassification Metrics**
   - **Net Reclassification Index (NRI):**
     The NRI examines whether QRisk3 improves the classification of individuals into appropriate risk categories compared to QRisk2 or other models. It quantifies the number of individuals correctly reclassified into higher or lower risk categories.
   - **Integrated Discrimination Improvement (IDI):**
     A measure of how much the model improves the average predicted risk for individuals who experience events versus those who do not.

### 5. **Clinical Utility Metrics**
   - **Sensitivity and Specificity:**
     These metrics quantify the ability of QRisk3 to identify true positives (sensitivity) and true negatives (specificity) at various risk thresholds.
   - **Positive Predictive Value (PPV) and Negative Predictive Value (NPV):**
     PPV and NPV assess the practical utility of QRisk3 in predicting cardiovascular events.

### 6. **External Validation Metrics**
   QRisk3 has been validated in independent cohorts to ensure its generalizability across different populations. External validation typically assesses discrimination (C-statistic), calibration, and clinical utility in populations not used during model development.

By using these metrics, researchers can comprehensively evaluate the performance of QRisk3, ensuring it provides accurate and clinically meaningful risk predictions for cardiovascular disease.","['The model extracted information using This QRISK3 infosheet provides a comprehensive overview of the cardiovascular risk prediction model, including its methodology, a breakdown of traditional and additional risk factors, detailed validation results, and performance metrics..']"
How was the risk score validated?,How was the effectiveness of the QRisk3 risk prediction model measured?,"The effectiveness of the QRisk3 risk prediction model was assessed using calibration and discrimination metrics, alongside statistical evaluations. Discrimination was measured using Harrell’s C statistic (0.88 for women and 0.86 for men) and the D statistic (2.48 for women and 2.26 for men), indicating good differentiation between high- and low-risk patients. Explained variation (R²) showed the model accounted for 59.6% of the variation in women and 54.8% in men. Calibration demonstrated close alignment between predicted and observed risks, with subgroup analyses highlighting strong performance across age, ethnicity, and baseline disease status. Overall, QRisk3 showed improved risk prediction compared to its predecessor, QRISK2, by incorporating additional clinical variables.","The effectiveness of the QRisk3 risk prediction model, like other clinical risk prediction models, was measured using standard statistical methods designed to evaluate its ability to predict the likelihood of cardiovascular events (e.g., heart attack or stroke) in a population. Here are the key methods used to assess the performance of QRisk3:

### 1. **Discrimination**
   Discrimination refers to the model's ability to differentiate between individuals who will experience a cardiovascular event and those who will not. This is typically quantified using the **C-statistic** or **area under the receiver operating characteristic curve (AUC-ROC)**. 
   - A C-statistic of 0.5 indicates no discrimination (random chance), whereas a value of 1.0 indicates perfect discrimination.
   - For QRisk3, a high C-statistic (e.g., typically above 0.75) suggests that the model performs well in distinguishing between high-risk and low-risk individuals.

### 2. **Calibration**
   Calibration assesses how closely the predicted risks from the model align with the observed outcomes in the population. It is often evaluated using:
   - **Calibration plots** or **calibration slopes**, which compare predicted risk against observed risk across different risk groups.
   - Statistical tests such as the **Hosmer-Lemeshow test**, though this test is sensitive to sample size and can sometimes reject well-calibrated models in very large datasets.
   - A well-calibrated model like QRisk3 ensures that, for example, if it predicts a 10% risk of a cardiovascular event for a group of individuals, approximately 10% of those individuals will actually experience the event.

### 3. **Net Reclassification Improvement (NRI)**
   The NRI measures whether QRisk3 improves the correct classification of individuals into appropriate risk categories compared to an earlier model (e.g., QRisk2). It looks at whether individuals who experienced events are assigned to higher risk categories and those who did not experience events are assigned to lower risk categories.

### 4. **Clinical Utility and Decision Curve Analysis**
   Decision curve analysis evaluates the clinical usefulness of the model by assessing the net benefit of using the model to make decisions (e.g., starting statin therapy). This analysis weighs the benefits of correctly identifying high-risk individuals against the harms of unnecessary treatment in low-risk individuals.

### 5. **External Validation**
   QRisk3 was externally validated on independent datasets to ensure its generalizability to populations outside the original development dataset. This step is critical to confirm that the model performs well across diverse populations with different baseline characteristics.

### 6. **Comparison to Previous Models**
   QRisk3 was specifically compared to earlier versions like QRisk2, as well as other risk models (e.g., Framingham Risk Score). Improvements in discrimination, calibration, and reclassification metrics were used to demonstrate the added value of QRisk3, which included new risk factors like severe mental illness, corticosteroid use, and chronic kidney disease.

### Summary
In summary, the effectiveness of QRisk3 was measured using a combination of discrimination (C-statistic), calibration, reclassification metrics, decision analysis, and external validation. These methods collectively demonstrated that QRisk3 provides a robust and clinically useful tool for estimating cardiovascular risk in diverse populations.","['The model extracted information using This QRISK3 infosheet provides a comprehensive overview of the cardiovascular risk prediction model, including its methodology, a breakdown of traditional and additional risk factors, detailed validation results, and performance metrics..']"
How was the risk score validated?,What criteria were applied to determine the inclusion of new variables in QRisk3?,"The inclusion of new variables in QRISK3 was based on several criteria:

1. Adjusted hazard ratio thresholds were applied, retaining binary variables with an adjusted hazard ratio less than 0.90 or greater than 1.10, indicating a meaningful association with cardiovascular disease risk.

2. Variables were included if they were statistically significant at the 0.01 level, ensuring robust evidence for their predictive value.

3. Consistency was maintained with the existing QRISK2 model, retaining previously included variables for comparison purposes.

4. Clinical relevance was a key factor, with new risk factors selected based on documented associations with cardiovascular disease, such as chronic kidney disease, systolic blood pressure variability, migraine, corticosteroids, systemic lupus erythematosus (SLE), atypical antipsychotics, severe mental illness, and erectile dysfunction.

5. Performance metrics guided inclusion, with variables retained if they improved metrics like calibration, discrimination, and explained variation (R², D statistic, and Harrell’s C statistic).

6. Population impact was considered to account for specific subgroups where inclusion could influence clinical decisions, such as identifying high-risk groups for preventive treatment.

An exception was made for HIV/AIDS, which was evaluated but excluded because it was not statistically significant, demonstrating the application of statistical rigor in the selection process.","QRisk3 is a cardiovascular risk prediction tool developed by the QResearch team to estimate the risk of developing cardiovascular disease (CVD) over the next 10 years. It builds upon QRisk2 by incorporating additional variables that improve the accuracy of risk prediction, especially for individuals with specific conditions or factors that were previously not well accounted for. 

The inclusion of new variables in QRisk3 was determined based on several criteria:

1. **Clinical Relevance**: The variables were chosen because they are known to have an established association with cardiovascular disease risk based on clinical evidence and research. For example, conditions like severe mental illness and systemic lupus erythematosus were included because they are linked to increased CVD risk.

2. **Prevalence in the Population**: Variables that are prevalent in the general population or in specific subgroups were considered, as they would have an impact on a significant portion of people being assessed.

3. **Impact on Risk Prediction**: The new variables were included if they significantly improved the model's ability to predict cardiovascular risk, as determined by statistical analyses such as improvements in the model's discrimination (e.g., area under the receiver operating characteristic curve) and calibration.

4. **Data Availability**: The variables had to be routinely recorded in electronic health records (EHRs), which is essential for practical implementation in clinical settings. QRisk3 was designed to be integrated into primary care systems, so variables that were readily available and reliably documented were preferred.

5. **Applicability Across Diverse Populations**: The variables were chosen to enhance risk prediction across diverse patient groups, including those with comorbidities or conditions not addressed in QRisk2. For example, QRisk3 includes variables such as migraine, chronic kidney disease (stage 3), and atypical antipsychotic medication use.

6. **Alignment with Expert Consensus**: The development team consulted clinical experts and reviewed guidelines to ensure the inclusion of variables that are relevant to current medical practice and understanding of cardiovascular risk.

7. **Statistical Testing in Model Development**: During the development of QRisk3, each candidate variable was tested for its significance in multivariable regression analyses. Only variables that demonstrated independent associations with CVD risk and added predictive value to the model were retained.

### Key Variables Added in QRisk3
Some of the new variables included in QRisk3 that were not present in QRisk2 are:
- Chronic kidney disease (stage 3, 4, or 5)
- Migraine
- Systemic lupus erythematosus (SLE)
- Atypical antipsychotic medication use
- Severe mental illness (e.g., schizophrenia, bipolar disorder)
- Erectile dysfunction
- Steroid use
- A measure of systolic blood pressure variability

These additions were made to better account for risks associated with underlying conditions, medications, and lifestyle factors that influence cardiovascular health.

By incorporating these criteria into the model's development, QRisk3 aims to provide a more personalized and accurate assessment of cardiovascular risk, improving clinical decision-making and patient care.","['The model extracted information using This QRISK3 infosheet provides a comprehensive overview of the cardiovascular risk prediction model, including its methodology, a breakdown of traditional and additional risk factors, detailed validation results, and performance metrics..']"
How was the risk score validated?,What standards were used to decide which new factors to incorporate into QRisk3?,"The QRISK3 model incorporated new factors based on several criteria. Variables were included if they had adjusted hazard ratios outside the range of 0.90 to 1.10 for binary variables, indicating a substantial association with cardiovascular disease risk. They also had to be statistically significant at the 0.01 level to ensure the association was not due to chance. Additionally, the impact of these variables on model performance was evaluated through calibration (matching predicted risks with observed risks) and discrimination metrics (e.g., R², D statistic, Harrell’s C statistic). Clinical and population impact was considered to improve risk estimates for specific conditions, and variables chosen were ones that could be automatically calculated from electronic patient records to facilitate integration into clinical practice. Examples of included factors are chronic kidney disease, migraine, corticosteroid use, systemic lupus erythematosus, and systolic blood pressure variability, among others.","QRisk3, an updated version of the widely used QRisk cardiovascular risk prediction tool, was developed with the aim of improving the accuracy of cardiovascular disease (CVD) risk prediction by incorporating additional clinical factors. The decision to include new factors in QRisk3 was based on rigorous statistical, clinical, and methodological standards. Here’s an overview of the key criteria and standards used:

1. **Clinical Relevance**:  
   The new factors considered for inclusion had to be clinically relevant and commonly associated with cardiovascular risk based on prior evidence. These factors were chosen to address gaps in QRisk2 and to improve risk prediction for specific patient subgroups.

2. **Epidemiological Evidence**:  
   Factors included in QRisk3 were supported by strong associations with CVD from existing epidemiological studies, clinical research, or expert consensus. This ensured that the additions were biologically plausible and relevant to disease progression.

3. **Data Availability**:  
   To model and validate new factors, sufficient data had to be available in the underlying database. QRisk3 was developed using the QResearch database, which includes anonymized data from millions of patients in the UK. Any new factor had to be reliably recorded in this database to ensure accurate modeling and generalizability.

4. **Prevalence in the Population**:  
   Factors that are more common in the population and have a significant impact on CVD risk were prioritized. Rare factors, even if associated with CVD, were less likely to be included due to limited impact on overall population risk prediction.

5. **Incremental Predictive Value**:  
   The new factors had to demonstrate incremental predictive value over QRisk2, meaning they needed to significantly improve the model’s discrimination (e.g., c-statistic), calibration, or reclassification metrics. This was typically assessed using statistical techniques such as likelihood ratio tests, net reclassification indices (NRI), and integrated discrimination improvement (IDI).

6. **Multivariable Analysis**:  
   Each new factor was evaluated in a multivariable regression framework to determine its independent contribution to the model while accounting for existing factors. Only factors that added value beyond existing predictors were retained.

7. **Minimizing Overfitting**:  
   Rigorous attention was paid to avoid overfitting the model. This involved using techniques like cross-validation and splitting the dataset into development and validation cohorts. New factors were only included if they improved the model’s performance in external validation datasets.

8. **Clinical Usability and Interpretability**:  
   The factors were chosen to ensure that QRisk3 remained practical and interpretable for clinicians. This meant avoiding overly complex or difficult-to-measure variables that could hinder adoption in routine practice.

9. **Regulatory and Ethical Standards**:  
   The model development adhered to ethical guidelines for handling patient data and followed established standards for clinical risk prediction tools, such as the TRIPOD (Transparent Reporting of a Multivariable Prediction Model for Individual Prognosis or Diagnosis) guidelines.

### New Factors in QRisk3:
The factors incorporated into QRisk3, based on the above standards, included:
- **Atrial fibrillation**  
- **Chronic kidney disease (stages 3, 4, or 5)**  
- **Migraine**  
- **Systemic lupus erythematosus (SLE)**  
- **Severe mental illness (e.g., schizophrenia, bipolar disorder)**  
- **Use of atypical antipsychotic medications**  
- **Use of corticosteroids**  
- **Erectile dysfunction (as a marker of vascular disease)**  
- **HIV/AIDS**  

These factors were added to better account for comorbidities, medication use, and other clinical conditions that influence cardiovascular risk.

By following these stringent criteria, QRisk3 achieved improved accuracy and broader applicability compared to QRisk2, making it better suited for contemporary clinical practice.","['The model extracted information using This QRISK3 infosheet provides a comprehensive overview of the cardiovascular risk prediction model, including its methodology, a breakdown of traditional and additional risk factors, detailed validation results, and performance metrics..']"
How was the risk score validated?,How were decisions made about adding new parameters to the QRisk3 model?,"Decisions about adding new parameters to the QRISK3 model were made through a systematic process ensuring scientific validity and clinical relevance. This included retaining predictor variables from QRISK2, identifying new risk factors based on prior clinical evidence, and applying statistical criteria such as adjusted hazard ratio thresholds and significance levels. Variables were validated for predictive value using metrics like R², D statistic, and Harrell’s C statistic, and were included if they enhanced the model's accuracy and utility. Clinical relevance also played a role, ensuring the model could better guide treatment decisions for individuals with specific conditions represented by the new variables.","The QRisk3 model, an extension of the widely used QRisk2 cardiovascular disease (CVD) risk prediction tool, was developed to improve the accuracy of risk estimation by accounting for additional factors that may influence an individual's risk of developing CVD. The decisions about adding new parameters to QRisk3 were made through a systematic and evidence-based process. Below are the key steps that guided the inclusion of new parameters:

---

### 1. **Review of Evidence and Clinical Relevance**
   - Researchers reviewed the existing literature to identify additional risk factors with strong evidence linking them to cardiovascular disease. For QRisk3, the focus was on factors that could improve predictive accuracy while being clinically relevant.
   - Parameters were selected based on their biological plausibility, strength of association with CVD, and their ability to address gaps in predicting risk for underrepresented or high-risk subgroups.

   **Examples of new parameters in QRisk3:** 
     - Chronic kidney disease (stage 3 or 4)
     - Migraine
     - Systemic lupus erythematosus (SLE)
     - Antipsychotic medication use
     - Severe mental illness
     - Atypical antipsychotics
     - Erectile dysfunction
     - Corticosteroid use

   These factors were chosen because they are associated with increased cardiovascular risk but were not included in QRisk2.

---

### 2. **Data Availability and Quality**
   - The QRisk3 model was developed using large, high-quality primary care datasets from the UK (e.g., QResearch database). For a new parameter to be included, it was necessary to ensure that reliable and representative data on that factor were available in the dataset.

   - Factors without sufficient data or with high levels of missingness were not considered for inclusion.

---

### 3. **Statistical Justification**
   - Researchers used statistical modeling techniques, such as Cox proportional hazards models, to assess whether adding a parameter significantly improved the predictive power of the model.
   - Only parameters that contributed meaningfully to model performance (e.g., c-statistic, calibration, and net reclassification improvement) were included.

---

### 4. **Minimizing Overfitting and Complexity**
   - Adding too many parameters can lead to overfitting, reducing the generalizability of the model. Therefore, the researchers balanced the inclusion of new parameters with the need to maintain simplicity and clinical usability.
   - Parameters that were weakly associated with CVD risk or added minimal predictive value were excluded.

---

### 5. **Consultation with Experts**
   - The development process involved consultation with clinicians, epidemiologists, and statisticians to ensure that the new parameters were clinically meaningful and aligned with current medical knowledge.

---

### 6. **Validation and Testing**
   - After incorporating new parameters, the updated QRisk3 model was validated on independent datasets to ensure its performance was robust and generalizable across different populations.
   - Researchers compared QRisk3 against QRisk2 and other risk prediction models to demonstrate the added value of the new parameters.

---

### Summary:
The inclusion of new parameters in QRisk3 was guided by a combination of clinical evidence, data availability, statistical analysis, and expert input. The goal was to ensure that the model remained accurate, clinically relevant, and practical for use in everyday healthcare settings. The new parameters were chosen to address specific gaps in QRisk2, improve risk prediction for vulnerable populations, and account for emerging evidence on additional risk factors.","['The model extracted information using This QRISK3 infosheet provides a comprehensive overview of the cardiovascular risk prediction model, including its methodology, a breakdown of traditional and additional risk factors, detailed validation results, and performance metrics..']"
What is the methodology underlying the risk score?,What type of predictive model does QRisk3 employ?,"The QRISK3 model employs Cox proportional hazards models as its predictive modeling technique. This method is used to derive separate risk equations for men and women to estimate the 10-year risk of cardiovascular disease. Cox proportional hazards models are a statistical approach commonly applied in survival analysis to assess the impact of various factors on the time until an event occurs, such as the diagnosis of cardiovascular disease.","QRisk3 employs a **multivariable Cox proportional hazards regression model** to predict the 10-year risk of developing cardiovascular disease (CVD. This type of predictive model is commonly used in survival analysis and is well-suited for time-to-event data, such as estimating the risk of a specific event (e.g., heart attack or stroke) occurring within a given time frame.

### Key Features of QRisk3:
- **Input Variables:** QRisk3 incorporates numerous clinical, demographic, and lifestyle factors, such as age, sex, ethnicity, smoking status, blood pressure, cholesterol levels, family history of CVD, and additional factors like chronic kidney disease (CKD), atrial fibrillation, rheumatoid arthritis, and socioeconomic deprivation (via Townsend score).
- **Time-to-Event Modeling:** The Cox model evaluates the hazard (risk) of an event occurring at any point in time, accounting for the influence of multiple covariates.
- **Baseline Hazard Function:** QRisk3 uses population-specific data to estimate the baseline hazard of CVD, which is then adjusted based on individual risk factors.

### Why QRisk3 is Effective:
This model is widely used in clinical practice because it provides individualized risk assessments, enabling healthcare providers to guide preventive interventions, such as lifestyle changes or medication, for patients at higher risk of CVD. QRisk3 is an updated version of QRisk2, incorporating additional risk factors to improve predictive accuracy, especially for populations with certain comorbidities or underrepresented groups.","['The model extracted information using This QRISK3 infosheet provides a comprehensive overview of the cardiovascular risk prediction model, including its methodology, a breakdown of traditional and additional risk factors, detailed validation results, and performance metrics..']"
What is the methodology underlying the risk score?,Which statistical approach is utilized in the QRisk3 algorithm?,"The QRisk3 algorithm utilizes Cox proportional hazards models as its statistical approach. This method estimates the 10-year risk of cardiovascular disease separately for men and women. Cox proportional hazards models are commonly used in survival analysis to assess the relationship between predictor variables (such as age, smoking status, comorbidities, etc.) and the time to an event, which in this context is cardiovascular disease diagnosis.","The QRisk3 algorithm utilizes a **Cox proportional hazards model**, which is a type of survival analysis statistical method. This model estimates the risk of a cardiovascular event (such as a heart attack or stroke) over a specified time period based on various risk factors. 

QRisk3 incorporates numerous predictors, such as age, sex, smoking status, blood pressure, cholesterol levels, medical history, and other clinical and demographic variables. By using the Cox model, QRisk3 can calculate hazard ratios for these risk factors, allowing personalized risk predictions for individual patients.","['The model extracted information using This QRISK3 infosheet provides a comprehensive overview of the cardiovascular risk prediction model, including its methodology, a breakdown of traditional and additional risk factors, detailed validation results, and performance metrics..']"
What is the methodology underlying the risk score?,For what duration does QRisk3 provide risk predictions?,"QRISK3 provides 10-year risk predictions for cardiovascular disease. This duration is explicitly stated in the methodology, objectives, and validation of the model, which are focused on estimating risk over a 10-year period.","QRisk3 provides risk predictions for cardiovascular events over a **10-year period**. It is a widely used algorithm in clinical practice to estimate an individual's 10-year risk of developing cardiovascular disease (CVD), such as heart attacks or strokes. This calculation is based on various risk factors, including age, sex, smoking status, cholesterol levels, blood pressure, family history, and other health conditions like diabetes, atrial fibrillation, and chronic kidney disease. 

Its purpose is to guide clinicians in assessing cardiovascular risk and making decisions about preventive measures, such as lifestyle advice or medications like statins.","['The model extracted information using This QRISK3 infosheet provides a comprehensive overview of the cardiovascular risk prediction model, including its methodology, a breakdown of traditional and additional risk factors, detailed validation results, and performance metrics..']"
What is the methodology underlying the risk score?,What is the time frame for QRisk3's risk assessments?,QRISK3's risk assessments are designed to estimate the 10-year risk of cardiovascular disease in individuals. This time frame is the focus of its prediction algorithms and validation measures.,"QRisk3 is a clinical tool used to estimate the risk of developing cardiovascular disease (CVD) over a specific time frame. The risk assessment provided by QRisk3 calculates the likelihood of a person experiencing a cardiovascular event (such as a heart attack or stroke) **over the next 10 years**.

QRisk3 uses various factors, including age, sex, smoking status, blood pressure, cholesterol levels, medical history, and other variables, to provide a personalized 10-year CVD risk score. This information helps healthcare professionals guide decisions regarding preventive measures, such as lifestyle changes, medications, or further investigations.","['The model extracted information using This QRISK3 infosheet provides a comprehensive overview of the cardiovascular risk prediction model, including its methodology, a breakdown of traditional and additional risk factors, detailed validation results, and performance metrics..']"
What is the methodology underlying the risk score?,How is cardiovascular disease defined within the context of QRisk3?,"Cardiovascular disease (CVD), within the context of QRISK3, is defined as a composite outcome encompassing coronary heart disease, ischaemic stroke, and transient ischaemic attack. These conditions are identified using diagnostic codes from medical records, including ICD-10 and ICD-9 codes. QRISK3 predicts the 10-year risk of developing CVD in individuals aged 25-84 years, incorporating a wide range of traditional and additional risk factors such as age, ethnicity, smoking status, diabetes, chronic kidney disease, systolic blood pressure variability, and others.","Cardiovascular disease (CVD), as defined within the context of **QRisk3**, refers to a group of conditions that involve narrowed or blocked blood vessels, which can lead to serious events such as **heart attack (myocardial infarction)** or **stroke (ischemic or hemorrhagic stroke)**. Specifically, QRisk3 calculates the **10-year risk** of developing CVD, focusing on a composite outcome that includes **fatal and non-fatal coronary heart disease, stroke, or transient ischemic attack (TIA)**.

QRisk3 is a well-established, UK-based risk assessment tool that incorporates a wide range of clinical, demographic, and lifestyle factors to predict an individual's likelihood of developing these cardiovascular events over the next 10 years. It is used in clinical practice to guide decisions about preventive measures, such as lifestyle changes or the use of medications like statins or antihypertensives.

The definition of CVD in QRisk3 is broad and encompasses the major cardiovascular events that are typically associated with atherosclerosis (the buildup of fatty deposits in the arteries), which is the underlying pathology in most cases.","['The model extracted information using This QRISK3 infosheet provides a comprehensive overview of the cardiovascular risk prediction model, including its methodology, a breakdown of traditional and additional risk factors, detailed validation results, and performance metrics..']"
What is the methodology underlying the risk score?,What conditions are classified as cardiovascular disease in the QRisk3 model?,"The QRISK3 model classifies cardiovascular disease as a composite outcome that includes coronary heart disease (e.g., angina, myocardial infarction, chronic ischemic heart disease), ischemic stroke (e.g., cerebral infarction), and transient ischemic attack (TIA). These conditions are used to estimate the 10-year risk of cardiovascular disease based on linked data sources such as general practice records, mortality data, and hospital admission records.","The QRisk3 model is a widely used clinical tool for predicting an individual's risk of developing cardiovascular disease (CVD). In the context of QRisk3, **cardiovascular disease** is broadly defined to encompass conditions that involve the heart and blood vessels. Specifically, the following conditions are classified as cardiovascular disease in QRisk3:

1. **Coronary heart disease (CHD)**:
   - Includes conditions such as angina (chest pain due to reduced blood flow to the heart) and myocardial infarction (heart attack).

2. **Stroke**:
   - Both ischemic stroke (caused by a blood clot obstructing blood flow to the brain) and hemorrhagic stroke (caused by bleeding in the brain).

3. **Transient ischemic attack (TIA)**:
   - Often referred to as a ""mini-stroke,"" TIA is a temporary disruption of blood flow to the brain.

4. **Peripheral arterial disease (PAD)**:
   - A condition characterized by a narrowing of the arteries, typically in the legs, leading to reduced blood flow.

5. **Heart failure**:
   - A chronic condition where the heart is unable to pump blood effectively.

6. **Atrial fibrillation (AF)**:
   - An irregular heartbeat that can increase the risk of stroke and other cardiovascular complications.

### Purpose in the QRisk3 Model:
QRisk3 assesses the 10-year risk of developing cardiovascular disease in individuals aged 25–84 by incorporating various risk factors, such as age, sex, smoking status, cholesterol levels, blood pressure, medical history (including pre-existing cardiovascular conditions), and other variables. The conditions listed above are either primary cardiovascular endpoints of interest or contribute to the individual's risk of developing future CVD.

If you have any further questions about QRisk3 or cardiovascular health, feel free to ask!","['The model extracted information using This QRISK3 infosheet provides a comprehensive overview of the cardiovascular risk prediction model, including its methodology, a breakdown of traditional and additional risk factors, detailed validation results, and performance metrics..']"
What is the methodology underlying the risk score?,How does QRisk3 define cardiovascular disease? Please provide specific ICD-10 codes.,"QRISK3 defines cardiovascular disease as a composite outcome that includes coronary heart disease, ischaemic stroke, and transient ischaemic attack. The specific conditions are identified using ICD-10 codes: G45 (Transient ischaemic attack and related syndromes), I20 (Angina pectoris), I21 (Acute myocardial infarction), I22 (Subsequent myocardial infarction), I23 (Complications after myocardial infarction), I24 (Other acute ischaemic heart disease), I25 (Chronic ischaemic heart disease), I63 (Cerebral infarction), and I64 (Stroke not specified as haemorrhage or infarction).","QRisk3, a widely used cardiovascular risk prediction tool, defines **cardiovascular disease (CVD)** as a condition involving diseases of the heart and blood vessels that can lead to life-threatening events, such as myocardial infarction (heart attack), stroke, or other forms of vascular occlusion. These conditions are used to estimate an individual's risk of developing a CVD-related event over the next 10 years.

QRisk3 incorporates a range of cardiovascular diseases using specific **ICD-10 codes** to define the outcomes of interest. These ICD-10 codes include, but may not be limited to, the following:

### Key ICD-10 Codes for Cardiovascular Disease in QRisk3:
1. **Ischemic Heart Diseases (I20–I25):**
   - I20: Angina pectoris
   - I21–I22: Acute myocardial infarction (heart attack)
   - I23: Certain complications following myocardial infarction
   - I24: Other acute ischemic heart diseases
   - I25: Chronic ischemic heart disease (including coronary artery disease)

2. **Cerebrovascular Diseases (I60–I69):**
   - I60: Subarachnoid hemorrhage
   - I61: Intracerebral hemorrhage
   - I63: Cerebral infarction (ischemic stroke)
   - I64: Stroke, not specified as hemorrhage or infarction
   - I65–I66: Occlusion and stenosis of precerebral or cerebral arteries
   - I69: Sequelae of cerebrovascular disease (long-term effects of stroke)

3. **Peripheral Arterial Disease (I70–I79):**
   - I70: Atherosclerosis
   - I73: Other peripheral vascular diseases (e.g., intermittent claudication)

4. **Heart Failure (I50):**
   - I50: Heart failure (often a downstream consequence of ischemic heart disease)

5. **Other Related Cardiovascular Conditions:**
   - I05–I09: Rheumatic heart diseases
   - I26: Pulmonary embolism
   - I27: Other pulmonary heart diseases
   - I71: Aortic aneurysm and dissection

### Purpose of ICD-10 Codes in QRisk3:
QRisk3 uses these codes to identify individuals with pre-existing cardiovascular disease (for example, those with a history of myocardial infarction or stroke) or at risk of developing these conditions. Patients with certain conditions may already be considered high-risk, and this can affect how QRisk3 calculates their 10-year cardiovascular risk.

If you're using QRisk3 in practice, it’s important to note that the tool is designed for **primary prevention** (assessing risk in individuals without established CVD). However, understanding the ICD-10 codes ensures clarity when interpreting the tool’s scope and outcome definitions.","['The model extracted information using This QRISK3 infosheet provides a comprehensive overview of the cardiovascular risk prediction model, including its methodology, a breakdown of traditional and additional risk factors, detailed validation results, and performance metrics..']"
What is the methodology underlying the risk score?,What are the exact ICD-10 codes used to define cardiovascular disease in QRisk3?,"Cardiovascular disease in QRISK3 is defined as a composite outcome of coronary heart disease, ischaemic stroke, or transient ischaemic attack. The exact ICD-10 codes used to define cardiovascular disease include:

- G45: Transient ischaemic attack and related syndromes
- I20: Angina pectoris
- I21: Acute myocardial infarction
- I22: Subsequent myocardial infarction
- I23: Certain complications following acute myocardial infarction
- I24: Other acute ischaemic heart diseases
- I25: Chronic ischaemic heart disease
- I63: Cerebral infarction
- I64: Stroke, not specified as haemorrhage or infarction

These codes collectively encompass the cardiovascular disease outcomes modeled in QRISK3.","The ICD-10 codes used to define cardiovascular disease (CVD) in QRisk3 typically refer to conditions that affect the heart and blood vessels, encompassing ischemic heart disease, cerebrovascular disease, and peripheral arterial disease. These codes are based on conditions that increase the risk of cardiovascular events, such as heart attack or stroke. While QRisk3 is primarily a risk prediction tool used in the UK for estimating the likelihood of developing CVD, its exact list of ICD-10 codes isn't explicitly detailed in the QRisk3 documentation. However, the codes generally align with major cardiovascular diseases.

Commonly referenced ICD-10 codes for cardiovascular disease include:

### Ischemic Heart Disease:
- **I20**: Angina pectoris
- **I21**: Acute myocardial infarction
- **I22**: Subsequent myocardial infarction
- **I23**: Certain current complications following acute myocardial infarction
- **I24**: Other acute ischemic heart diseases
- **I25**: Chronic ischemic heart disease

### Cerebrovascular Disease:
- **I60**: Nontraumatic subarachnoid hemorrhage
- **I61**: Nontraumatic intracerebral hemorrhage
- **I62**: Other nontraumatic intracranial hemorrhages
- **I63**: Cerebral infarction
- **I64**: Stroke, not specified as hemorrhage or infarction
- **I65**: Occlusion and stenosis of precerebral arteries, not resulting in cerebral infarction
- **I66**: Occlusion and stenosis of cerebral arteries, not resulting in cerebral infarction

### Peripheral Arterial Disease:
- **I70**: Atherosclerosis
- **I71**: Aortic aneurysm and dissection
- **I72**: Other aneurysm
- **I73**: Other peripheral vascular diseases

### Additional Codes Related to CVD Risk:
- **I50**: Heart failure
- **I46**: Cardiac arrest
- **I48**: Atrial fibrillation and flutter

### QRisk3 Framework:
The QRisk3 algorithm incorporates various medical conditions, risk factors, and demographics to estimate CVD risk. It uses clinical diagnoses, patient history, and medical records, which are often coded using ICD-10 codes. It is important to note that QRisk3 also accounts for other factors such as diabetes, chronic kidney disease, and lifestyle factors.

If you're working on integrating QRisk3 into a clinical setting or a machine learning model, you may need to consult the QRisk3 documentation or a local clinical coding guide to ensure that the correct set of ICD-10 codes is applied based on your region and implementation needs.","['The model extracted information using This QRISK3 infosheet provides a comprehensive overview of the cardiovascular risk prediction model, including its methodology, a breakdown of traditional and additional risk factors, detailed validation results, and performance metrics..']"
What is the methodology underlying the risk score?,How does QRisk3 manage missing data in risk calculations?,"QRISK3 manages missing data using multiple imputation with chained equations. This process replaces missing values with plausible estimates based on observed data from other variables. QRISK3 performs five imputations and includes all predictor variables, interaction terms with age, the Nelson-Aalen estimator of baseline cumulative hazard, and the outcome indicator in the imputation model. The results across imputed datasets are combined using Rubin’s rules, ensuring that missing data does not bias risk calculations and improves overall accuracy.","QRisk3, a widely used cardiovascular risk prediction algorithm, has built-in mechanisms to handle missing data in patient records. Missing data is common in clinical settings, and QRisk3 addresses this issue to ensure risk calculations remain robust and reliable. The algorithm employs the following strategies for managing missing data:

1. **Default Values for Missing Variables**:
   QRisk3 uses population-based default values for certain variables when they are missing. These default values are derived from large epidemiological datasets and reflect the average value or distribution for the general population. For example:
   - If smoking status is missing, the algorithm may assume ""non-smoker"" as the default.
   - If body mass index (BMI) is unavailable, an average BMI value specific to the population's age and sex may be imputed.

2. **Multiple Imputation for Key Variables**:
   In the development of QRisk3, multiple imputation techniques were used to handle missing data in the training datasets. Multiple imputation involves generating several plausible values for missing data based on the relationships among other variables in the dataset. These imputed datasets allow the model to make robust predictions even when certain variables are missing.

3. **Use of Proxy Variables**:
   When key variables are missing, QRisk3 may use related variables or proxies to infer risk. For instance, if BMI is unavailable, the algorithm might use other metrics (like weight or waist circumference, if available) to approximate its impact on risk calculations.

4. **Sensitivity to Missingness**:
   QRisk3 has been validated to assess its performance in the presence of missing data. Its design ensures that the algorithm remains accurate and clinically useful even with incomplete patient information, though results may be less precise compared to fully populated data.

### Practical Implications for Clinicians:
- Clinicians should aim to provide as much complete data as possible to improve the accuracy of QRisk3 predictions.
- If key variables like BMI, smoking status, or blood pressure are unavailable during risk assessment, QRisk3 will still produce a risk estimate but with potential limitations in precision.

By integrating strategies to handle missing data, QRisk3 ensures its utility in real-world clinical environments, where perfect data completeness is rare.","['The model extracted information using This QRISK3 infosheet provides a comprehensive overview of the cardiovascular risk prediction model, including its methodology, a breakdown of traditional and additional risk factors, detailed validation results, and performance metrics..']"
What is the methodology underlying the risk score?,What approach does QRisk3 take when dealing with incomplete patient information?,"QRisk3 addresses incomplete patient information using multiple imputation with chained equations. Missing values for variables such as body mass index (BMI), systolic blood pressure, standard deviation of systolic blood pressure, serum cholesterol, high-density lipoprotein (HDL) cholesterol, and smoking status are imputed. This process involves replacing missing values with plausible estimates based on other available data in the patient's record. Additionally, QRisk3 incorporates all predictor variables, age interaction terms, the Nelson-Aalen estimator of baseline cumulative hazard, and the outcome indicator into the imputation model. Five imputations are carried out, and the results are combined using Rubin's rules to account for uncertainty in the imputation process. This method ensures the model remains robust and applicable even when some patient data points are missing.","QRisk3, a clinical risk prediction algorithm used to estimate the 10-year risk of cardiovascular disease (CVD), accounts for incomplete patient information by incorporating mechanisms to handle missing data intelligently. The model is designed to be robust and applicable in real-world clinical settings, where patient records may often lack certain variables. Here’s how QRisk3 deals with incomplete information:

1. **Default Values for Missing Data**:  
   QRisk3 uses population-based default values or assumptions for certain variables when they are missing. For example:
   - If cholesterol ratios (total cholesterol/HDL cholesterol) are not available, QRisk3 uses an average value derived from the population.
   - Similarly, if systolic blood pressure readings are missing, it substitutes default values based on age, gender, and other demographic factors.

2. **Exclusion of Variables with High Missingness**:  
   QRisk3 avoids relying on data points that are frequently unavailable in routine practice. This ensures the model remains practical and usable even when patient information is incomplete.

3. **Handling Missing Ethnicity**:  
   Ethnicity is an important variable in QRisk3, as cardiovascular risk varies across ethnic groups. If ethnicity is missing, QRisk3 uses the most common ethnicity for the patient’s demographic region or assumes an average risk across all ethnic groups.

4. **Imputation Techniques**:  
   QRisk3 implicitly employs statistical imputation strategies, either directly or through its underlying regression modeling, to estimate missing values based on existing patient data. For example, relationships between variables (like age, gender, and smoking status) are used to infer plausible values for missing parameters.

5. **Simplified Risk Calculation in Extreme Cases**:  
   When critical variables (e.g., age, smoking status) are missing, QRisk3 may not compute a risk score. Instead, clinicians are advised to use clinical judgment or alternative tools to assess cardiovascular risk.

Overall, QRisk3 is designed to be pragmatic, balancing statistical rigor with practical usability. Its approach to missing data ensures that healthcare providers can still generate meaningful risk estimates even in the presence of incomplete patient records.","['The model extracted information using This QRISK3 infosheet provides a comprehensive overview of the cardiovascular risk prediction model, including its methodology, a breakdown of traditional and additional risk factors, detailed validation results, and performance metrics..']"
When do clinical guidelines recommend risk scoring?,At what point do NICE guidelines suggest performing cardiovascular risk scoring with QRisk3?,"Cardiovascular risk scoring is recommended in several scenarios:

1. For individuals aged 25–84 without cardiovascular disease, the estimated 10-year risk of CVD should be calculated.
2. For people aged 25–84 with type 2 diabetes, the risk calculation is specifically advised.
3. For individuals under 40 with cardiovascular risk factors or a score less than 10%, lifetime risk tools can be used to inform discussions and motivate lifestyle changes.
4. For those with an estimated 10-year risk of 10% or more, a full formal risk assessment should be performed.
5. For individuals aged 85 and older, their increased risk due to age should be recognized, even if formal scoring is not applied.","The **NICE guidelines** (National Institute for Health and Care Excellence) recommend performing cardiovascular risk scoring using the **QRisk3** tool in the following circumstances:

1. **Primary Prevention of Cardiovascular Disease (CVD):**  
   NICE recommends assessing the cardiovascular risk of adults aged **40–74 years** who do not already have a diagnosis of CVD, diabetes, or familial hypercholesterolemia. QRisk3 is used to estimate an individual's 10-year risk of developing a cardiovascular event (e.g., heart attack or stroke).

2. **Risk Assessment Threshold:**  
   Perform cardiovascular risk scoring in people who are:  
   - Over 40 years of age.  
   - Have not previously been assessed for CVD risk.  
   - Have a family history of premature cardiovascular disease.  
   - Have other risk factors for CVD (e.g., hypertension, smoking, high cholesterol, or obesity).

3. **Exclusions:**  
   QRisk3 is not recommended for individuals with pre-existing cardiovascular conditions, type 1 diabetes, or familial hypercholesterolemia, as they are already considered at high risk of CVD and require tailored management.

4. **Threshold for Interventions:**  
   If the QRisk3 score is **10% or higher**, NICE generally recommends lifestyle interventions and may consider starting statins (e.g., atorvastatin 20 mg) for primary prevention. Discussions about the benefits and risks of treatment should be individualized.

5. **Special Populations:**  
   Adjustments to QRisk3 scoring or alternative approaches may be required for certain populations, such as those with chronic kidney disease (CKD), autoimmune diseases, or a history of severe mental illness, as their risk may be underestimated.

It is important to note that QRisk3 is a tool for estimating **10-year CVD risk**, and clinical judgment should always be applied when interpreting results and making treatment decisions.","['The model extracted information using a document titled Cardiovascular disease: risk assessment and reduction, including lipid modification. This guideline provides a systematic approach for assessing cardiovascular disease (CVD) risk and offers recommendations for risk reduction, covering when to conduct formal risk assessments, how to use tools like QRISK3, and strategies for lifestyle changes, lipid management, and statin use to lower CVD risk in primary care settings..']"
When do clinical guidelines recommend risk scoring?,"According to NICE guidelines, when should QRisk3 be used for cardiovascular risk assessment?","QRISK3 should be used to calculate the estimated 10-year risk of cardiovascular disease (CVD) for individuals aged 25–84 who do not already have established CVD. It is specifically recommended for people with type 2 diabetes within the same age range. However, QRISK3 should not be used for individuals already considered at high risk of CVD, such as those with type 1 diabetes, chronic kidney disease, or familial hypercholesterolaemia. Additionally, QRISK3 may underestimate risk for certain groups, including those treated for HIV, recent ex-smokers, and people with severe mental illness or systemic inflammatory conditions. For older adults aged 85 or above, they are considered at increased risk of CVD due to age alone, even if QRISK3 is not specifically applied to them. Lastly, the lifetime version of QRISK3 may be used to discuss long-term CVD risk and motivate lifestyle changes, particularly for younger individuals or those with lower short-term risk scores.","The NICE (National Institute for Health and Care Excellence) guidelines recommend using the **QRisk3 tool** for cardiovascular risk assessment in the following situations:

### 1. **Primary Prevention of Cardiovascular Disease (CVD)**
   QRisk3 can be used to assess the risk of developing cardiovascular disease over the next 10 years in adults aged **25 to 84 years** who:
   - Do **not already have established cardiovascular disease** (e.g., coronary heart disease, stroke, or peripheral arterial disease).
   - Do **not have type 1 diabetes** or familial hypercholesterolemia.
   - Are not at high cardiovascular risk due to other conditions (e.g., chronic kidney disease stage 3–5).

### 2. **Identifying People for Statin Therapy**
   - NICE suggests offering atorvastatin (20 mg daily) for the primary prevention of CVD to adults whose **10-year QRisk3 score is 10% or higher**, after discussing the benefits and risks of statin treatment.

### 3. **Considering Individual Risk Factors**
   QRisk3 accounts for additional risk factors beyond what QRisk2 assessed, such as:
   - Conditions like **migraine**, **systemic lupus erythematosus**, and **severe mental illness**.
   - Factors like **erectile dysfunction**, **atypical antipsychotic use**, and **socioeconomic deprivation**.

### 4. **Exclusions**
   QRisk3 should **not** be used for people:
   - Under 25 years or over 84 years.
   - Who already have established cardiovascular disease.
   - With type 1 diabetes (NICE recommends using specialized risk calculators, such as the UKPDS Risk Engine, in this population).
   - With familial hypercholesterolemia.

### Key Considerations:
   - QRisk3 is used in conjunction with clinical judgment and shared decision-making.
   - Risk scores are calculated based on factors like age, sex, smoking status, blood pressure, cholesterol levels, and medical history.

For detailed guidance, refer to the latest NICE guidelines on **CVD risk assessment and lipid modification** (CG181, updated versions).","['The model extracted information using a document titled Cardiovascular disease: risk assessment and reduction, including lipid modification. This guideline provides a systematic approach for assessing cardiovascular disease (CVD) risk and offers recommendations for risk reduction, covering when to conduct formal risk assessments, how to use tools like QRISK3, and strategies for lifestyle changes, lipid management, and statin use to lower CVD risk in primary care settings..']"
When do clinical guidelines recommend risk scoring?,Under what circumstances do NICE guidelines advise using QRisk3 for cardiovascular risk evaluation?,"The NICE guidelines advise using the QRisk3 tool for cardiovascular risk evaluation in adults aged 25–84 who do not have established cardiovascular disease (CVD), including those with type 2 diabetes. It is also recommended for assessing lifetime risk in people under 40 with CVD risk factors or a QRisk3 score below 10% to help guide lifestyle changes. However, QRisk3 should not be used for individuals already at high risk due to conditions such as type 1 diabetes, chronic kidney disease with significant impairment, or familial hypercholesterolaemia. Additionally, QRisk3 may underestimate risk in certain groups, such as those treated for HIV, taking medications that affect lipid levels, or with autoimmune conditions, severe mental illness, or recent smoking cessation.","The National Institute for Health and Care Excellence (NICE) in the UK provides guidance on using QRisk3 for cardiovascular risk evaluation to assess an individual's risk of developing cardiovascular disease (CVD). QRisk3 is a predictive algorithm that incorporates a wide range of risk factors to estimate the 10-year risk of a first cardiovascular event (e.g., heart attack or stroke). According to NICE guidelines (NG28: Cardiovascular disease: risk assessment and reduction, including lipid modification), QRisk3 should be used under the following circumstances:

### 1. **Routine Risk Assessment for Primary Prevention**
   - QRisk3 is recommended for adults aged **25–84 years** who do not have a history of CVD to assess their 10-year risk of developing the condition.
   - It is used to guide decisions about lifestyle changes and whether to initiate lipid-lowering therapy (e.g., statins).

### 2. **Shared Decision-Making**
   - QRisk3 results are intended to be used as part of a shared decision-making process. Patients should be informed about their risk score and its implications, and discussions should include potential interventions to reduce risk.

### 3. **Consideration for Statin Therapy**
   - A QRisk3 score of **10% or higher** (10-year risk of CVD) is typically the threshold at which statin therapy should be considered. However, this decision should be individualized, considering patient preferences and other factors.

### 4. **Special Considerations for Specific Groups**
   - QRisk3 is not recommended for individuals with pre-existing cardiovascular disease (e.g., those with previous myocardial infarction or stroke) because they are already at high risk and require different management.
   - It is also not suitable for people with familial hypercholesterolemia, as their risk is not accurately captured by QRisk3, and they should be managed according to separate guidelines.
   - For people aged **85 years and older**, QRisk3 may underestimate risk, but clinical judgment should guide decisions about interventions, as this age group is at high risk of CVD.

### 5. **Adjustments for Specific Populations**
   - QRisk3 includes factors such as ethnicity, socioeconomic status, and additional clinical conditions (e.g., severe mental illness, migraine, corticosteroid use, etc.) to provide a more personalized risk score. Clinicians should ensure that these variables are correctly entered into the tool for accurate assessment.

### 6. **Exclusions**
   - NICE does not recommend using QRisk3 for secondary prevention (i.e., in individuals who already have cardiovascular disease) or in people younger than 25 years, as the tool is not designed for these populations.

By using QRisk3 as part of a comprehensive risk assessment, healthcare professionals can identify individuals at high risk of CVD and tailor interventions to reduce their risk through lifestyle modifications, pharmacological treatments, or both.","['The model extracted information using a document titled Cardiovascular disease: risk assessment and reduction, including lipid modification. This guideline provides a systematic approach for assessing cardiovascular disease (CVD) risk and offers recommendations for risk reduction, covering when to conduct formal risk assessments, how to use tools like QRISK3, and strategies for lifestyle changes, lipid management, and statin use to lower CVD risk in primary care settings..']"
When do clinical guidelines recommend risk scoring?,In which situations do NICE guidelines recommend employing QRisk3 for heart disease risk calculation?,"NICE guidelines recommend using the QRisk3 tool to calculate the 10-year risk of cardiovascular disease (CVD) for people aged 25 to 84 years who do not have established CVD, including those with type 2 diabetes. It is also considered for individuals under 40 with risk factors or a low 10-year risk to facilitate discussions on lifetime risk and lifestyle changes. Additionally, QRisk3 is used to guide statin treatment decisions for individuals with a 10-year risk score of 10% or more, while also allowing consideration for statin use in cases where the score is below 10% but other concerns exist, such as an informed preference or potential underestimation of risk. The tool is not recommended for individuals already at high risk due to conditions like type 1 diabetes, familial hypercholesterolaemia, or chronic kidney disease, and may underestimate risk in certain populations like those with autoimmune disorders or systemic inflammatory conditions.","The **NICE guidelines (National Institute for Health and Care Excellence)** recommend the use of the **QRisk3** tool to assess the risk of developing **cardiovascular disease (CVD)** in several specific situations. QRisk3 is an updated version of QRisk2, designed to estimate an individual's 10-year risk of having a CVD event, such as a heart attack or stroke. Here are the key situations where NICE recommends using QRisk3 for assessing heart disease risk:

### 1. **Primary Prevention of Cardiovascular Disease (CVD):**
   - QRisk3 is used to assess the **10-year risk of developing a first cardiovascular event** in adults aged **40–74 years** who do not already have a diagnosis of CVD, diabetes, or familial hypercholesterolemia.
   - This assessment helps guide decisions about initiating preventive interventions, such as **lifestyle modifications** (diet, exercise, smoking cessation) and/or **lipid-lowering therapy** (e.g., statins).

---

### 2. **Consideration of Risk Factors Beyond Traditional Metrics:**
   - QRisk3 includes additional factors that may influence CVD risk, such as:
     - Chronic kidney disease (CKD) stages 3–5
     - Migraine
     - Atypical antipsychotic use
     - Severe mental illness
     - Systemic lupus erythematosus (SLE)
     - Rheumatoid arthritis
     - Erectile dysfunction
     - Corticosteroid use
     - History of premature menopause
   - It is particularly recommended when these factors are present, as they may underestimate risk in traditional risk calculators.

---

### 3. **Adults with a Family History of CVD:**
   - QRisk3 accounts for a **family history of premature coronary artery disease** (e.g., a first-degree relative with a CVD event before age 60), which can elevate an individual's risk.

---

### 4. **Adults with Comorbidities Increasing Cardiovascular Risk:**
   - Specific conditions, such as **type 1 diabetes** (where alternative approaches like specialized risk calculators may also be used), CKD, or **hypertension**, may require QRisk3 assessment for a more comprehensive evaluation.

---

### 5. **Reassessment of Risk in Borderline Cases:**
   - QRisk3 can be used to reassess individuals who are at **borderline or intermediate risk** based on other tools or clinical judgment. The inclusion of additional variables in QRisk3 can refine the risk estimate and influence management decisions.

---

### 6. **Lifestyle Interventions and Shared Decision-Making:**
   - The QRisk3 score is used to facilitate discussions with patients about their risk of developing CVD and to guide shared decision-making around lifestyle changes, medication, and other interventions.

---

### Important Notes:
- QRisk3 is not typically recommended for people:
  - **Under 25 years old** or **over 84 years old.**
  - With **pre-existing cardiovascular disease** (secondary prevention is the focus in these cases).
  - With **familial hypercholesterolemia** (specialist referral and management are required).
  - With type 1 diabetes (NICE recommends alternative approaches for assessing risk in this population).

- In people with CKD or type 1 diabetes, alternative risk assessment tools (e.g., ASSIGN or diabetes-specific risk calculators) may sometimes be used alongside QRisk3.

In summary, QRisk3 is a valuable tool for assessing CVD risk in the context of **primary prevention** and in individuals with complex or additional risk factors that may not be adequately captured by simpler calculators.","['The model extracted information using a document titled Cardiovascular disease: risk assessment and reduction, including lipid modification. This guideline provides a systematic approach for assessing cardiovascular disease (CVD) risk and offers recommendations for risk reduction, covering when to conduct formal risk assessments, how to use tools like QRISK3, and strategies for lifestyle changes, lipid management, and statin use to lower CVD risk in primary care settings..']"
When do clinical guidelines recommend risk scoring?,What are the NICE guideline recommendations for when to use QRisk3 in cardiovascular risk prediction?,"The guidelines recommend using a cardiovascular risk prediction tool to calculate the estimated 10-year risk of cardiovascular disease (CVD) for people aged 25 to 84 who do not have established CVD, and for individuals with type 2 diabetes within the same age range. However, it should not be used for people already at high risk of CVD, such as those with type 1 diabetes, severe chronic kidney disease, or familial hypercholesterolaemia. Additionally, it is noted that the tool may underestimate risk in certain groups, such as individuals treated for HIV or those recently stopped smoking. For individuals with a lower 10-year risk score or younger individuals with risk factors, a lifetime risk tool may be considered to better inform discussions and motivate lifestyle changes.","The National Institute for Health and Care Excellence (NICE) provides clear guidelines on the use of the QRISK3 tool for cardiovascular risk prediction as part of its recommendations on assessing and managing cardiovascular disease (CVD) risk. Below are the key points regarding the use of QRISK3:

### 1. **Who Should Be Assessed Using QRISK3?**
   - **Adults Aged 40–84 Years:**
     - NICE recommends using the QRISK3 tool to estimate the 10-year risk of developing cardiovascular disease (CVD) in adults aged 40–84 years who do not already have established CVD (e.g., myocardial infarction, stroke, or peripheral arterial disease).
   - **Younger Adults with Risk Factors:**
     - QRISK3 can also be considered for adults under 40 years of age if they have significant risk factors for CVD (e.g., strong family history of CVD, other comorbidities such as diabetes, or lifestyle factors like smoking).
   - **Evaluation of Risk in Specific Populations:**
     - QRISK3 accounts for additional factors, such as severe mental illness, systemic lupus erythematosus, regular use of steroids, or socioeconomic deprivation, which can inform the risk assessment in specific populations.

### 2. **Who Should Not Be Assessed Using QRISK3?**
   - **Patients with Established CVD:**
     - QRISK3 should not be used for individuals who already have a history of CVD, as preventive interventions should already be in place.
   - **People with Familial Hypercholesterolemia:**
     - QRISK3 is not recommended for assessing cardiovascular risk in people with familial hypercholesterolemia, as they are already considered at high risk.
   - **Patients >85 Years:**
     - QRISK3 is not validated for people older than 85 years, although clinical judgment and other tools may be used to assess risk in this population.

### 3. **Thresholds for Intervention:**
   - NICE suggests offering lifestyle advice to all individuals, regardless of their QRISK3 score.
   - For individuals with a **QRISK3 score of 10% or higher**, consider offering statin therapy (usually atorvastatin 20 mg daily) as primary prevention, in addition to lifestyle interventions. This is based on a discussion of the risks and benefits.

### 4. **Clinical Judgment and Personalization:**
   - QRISK3 is a useful tool, but its results should always be interpreted in the context of the individual patient. Factors not included in the tool (e.g., high triglycerides, inflammatory conditions, or additional family history details) may warrant consideration.
   - Clinicians should ensure shared decision-making, explaining the implications of the QRISK3 results and the potential benefits of interventions.

### 5. **Reassessment:**
   - NICE recommends reassessing cardiovascular risk at intervals (e.g., every 5 years) or when a person's risk factors change significantly, especially for individuals with borderline or intermediate risk scores.

### Summary:
QRISK3 is a valuable tool for estimating 10-year CVD risk in adults aged 40–84 years without pre-existing CVD. It is not designed for use in individuals with familial hypercholesterolemia or other high-risk conditions, or in those older than 85 years. The results should guide discussions about lifestyle modifications and potential pharmacological interventions, such as statins, for primary prevention of CVD.","['The model extracted information using a document titled Cardiovascular disease: risk assessment and reduction, including lipid modification. This guideline provides a systematic approach for assessing cardiovascular disease (CVD) risk and offers recommendations for risk reduction, covering when to conduct formal risk assessments, how to use tools like QRISK3, and strategies for lifestyle changes, lipid management, and statin use to lower CVD risk in primary care settings..']"
When do clinical guidelines recommend risk scoring?,"According to NICE, at what stage should QRisk3 be utilized for assessing cardiovascular risk?","According to NICE, QRISK3 should be utilized during the full formal risk assessment stage for individuals aged 25 to 84 years without established cardiovascular disease (CVD). It is specifically recommended for assessing the 10-year risk of developing CVD in this age group, including individuals with type 2 diabetes. However, QRISK3 should not be used for people with conditions like type 1 diabetes, familial hypercholesterolaemia, or an estimated glomerular filtration rate (eGFR) below 60 ml/min/1.73 m² and/or albuminuria. Additionally, QRISK3 may underestimate risk in certain groups, such as those treated for HIV, people with systemic inflammatory disorders, or individuals with severe mental illness.","According to the National Institute for Health and Care Excellence (NICE) guidelines, **QRisk3** should be utilized to assess cardiovascular risk in adults aged **40–74 years** who do not already have established cardiovascular disease (CVD), type 1 diabetes, chronic kidney disease (CKD stage 3 or higher), or familial hypercholesterolemia. It is also used for individuals who do not have pre-existing conditions that automatically place them in a high-risk category for cardiovascular events.

NICE recommends QRisk3 to estimate the **10-year risk of developing CVD**, expressed as a percentage. If the estimated risk is **10% or higher**, clinicians should consider offering interventions such as lifestyle advice and, potentially, lipid-lowering therapy (e.g., statins), after discussing the benefits and risks with the patient.

The tool should also be used in conjunction with clinical judgment, considering factors like comorbidities, ethnicity, and additional risk factors not captured by the algorithm.","['The model extracted information using a document titled Cardiovascular disease: risk assessment and reduction, including lipid modification. This guideline provides a systematic approach for assessing cardiovascular disease (CVD) risk and offers recommendations for risk reduction, covering when to conduct formal risk assessments, how to use tools like QRISK3, and strategies for lifestyle changes, lipid management, and statin use to lower CVD risk in primary care settings..']"
When do clinical guidelines recommend risk scoring?,When do NICE guidelines indicate that QRisk3 should be used to evaluate cardiovascular risk?,"According to the guidelines, the QRISK3 tool should be used to evaluate cardiovascular risk in people aged 25 to 84 years without established cardiovascular disease, as well as in people with type 2 diabetes within the same age range. Additionally, it can be used to inform discussions about lifetime cardiovascular risk, particularly for individuals with a 10-year risk score below 10% or those under 40 years old who have cardiovascular risk factors.","The **NICE guidelines** (National Institute for Health and Care Excellence) recommend using **QRISK3** to assess cardiovascular disease (CVD) risk in certain adult populations. Specifically, QRISK3 should be used to estimate the likelihood of developing a first cardiovascular event (e.g., heart attack or stroke) over the next 10 years. Below are the main circumstances under which QRISK3 should be used, based on current guidelines:

1. **Age Range**: Adults aged **25–84 years** without a history of cardiovascular disease.

2. **Primary Prevention**: It is used for individuals who have **no established cardiovascular disease** (e.g., no prior heart attack, stroke, or other cardiovascular events) to guide decisions about preventive measures, such as starting statins or other interventions.

3. **Risk Factor Assessment**:
   - Adults with **certain risk factors** for CVD should have their risk calculated using QRISK3. These risk factors include:
     - Hypertension (high blood pressure)
     - Smoking
     - Diabetes
     - Dyslipidemia (abnormal cholesterol levels)
     - Family history of premature CVD
     - Chronic kidney disease (CKD) or other chronic conditions that increase risk.

4. **Chronic Conditions**: QRISK3 includes additional risk factors compared to QRISK2, such as:
   - Severe mental illness (e.g., schizophrenia, bipolar disorder)
   - Use of corticosteroids
   - Conditions like systemic lupus erythematosus (SLE) and migraine
   - Chronic kidney disease (CKD)
   - Atrial fibrillation
   - Ethnicity-related risk adjustments.

5. **Shared Decision-Making**: The results from QRISK3 are used to inform discussions between healthcare providers and patients about lifestyle changes, pharmacological interventions (e.g., statins, antihypertensives), and other strategies to reduce cardiovascular risk.

### Situations Where QRISK3 May Not Be Appropriate:
NICE also highlights populations where QRISK3 is **not suitable** for risk assessment:
- Patients with pre-existing cardiovascular disease (secondary prevention).
- Adults aged **under 25 years** or **over 84 years** (as QRISK3 is not validated in these groups).
- Individuals with certain conditions that automatically place them at high risk (e.g., familial hypercholesterolemia or chronic kidney disease stages 3b–5).

---

### Summary:
NICE guidelines recommend using QRISK3 to assess the 10-year cardiovascular risk in adults aged 25–84 years without established CVD, as part of a broader strategy to prevent cardiovascular disease. The calculated risk should guide discussions about lifestyle modifications and potential medical treatments. Always consider individual patient circumstances and clinical judgment.","['The model extracted information using a document titled Cardiovascular disease: risk assessment and reduction, including lipid modification. This guideline provides a systematic approach for assessing cardiovascular disease (CVD) risk and offers recommendations for risk reduction, covering when to conduct formal risk assessments, how to use tools like QRISK3, and strategies for lifestyle changes, lipid management, and statin use to lower CVD risk in primary care settings..']"
When do clinical guidelines recommend risk scoring?,In what instances do NICE guidelines suggest implementing QRisk3 for cardiovascular risk scoring?,"NICE guidelines recommend using the QRisk3 tool for cardiovascular risk scoring in several instances: for individuals aged 25–84 without established cardiovascular disease, those with type 2 diabetes in the same age range, individuals with a 10-year risk score of 10% or more for prioritizing further assessment, and for people under 40 or with additional risk factors to help inform discussions on lifetime cardiovascular risk. QRisk3 is not recommended for individuals already at high risk due to conditions like type 1 diabetes, chronic kidney disease, or familial hypercholesterolaemia. Additionally, QRisk3 may underestimate risk for certain populations, such as individuals treated for HIV or those with systemic inflammatory conditions.","The **NICE guidelines** (National Institute for Health and Care Excellence) provide recommendations for assessing cardiovascular disease (CVD) risk in individuals in the UK. The **QRisk3** tool is a widely used risk calculator for estimating the 10-year risk of developing CVD. It builds on QRisk2 but includes additional risk factors to improve risk prediction.

NICE suggests using QRisk3 in the following contexts for CVD risk assessment:

### 1. **Primary Prevention of Cardiovascular Disease**
   QRisk3 is recommended for estimating the 10-year CVD risk in individuals **aged 25–84 years** who do not have a prior history of CVD but may have risk factors such as hypertension, diabetes, or smoking.

   - **Focus on individuals aged 40–74 years:** QRisk3 should be used to assess the risk of CVD in this age group as part of the NHS Health Check program.
   - For individuals **under 40 or over 74**, QRisk3 can still be considered if they have specific risk factors or clinical features that warrant an assessment.

### 2. **Identifying Patients Who May Benefit from Statins**
   - QRisk3 is used to guide decisions about initiating statin therapy for primary prevention of CVD.
   - A 10-year CVD risk of **10% or higher** (calculated using QRisk3) is typically the threshold at which statin treatment should be offered, after discussing the risks and benefits with the patient.

### 3. **Incorporating Additional Risk Factors Not Captured in QRisk2**
   QRisk3 includes additional risk factors compared to QRisk2, making it particularly useful in individuals with the following conditions:
   - **Serious mental health conditions** (e.g., schizophrenia or bipolar disorder)
   - **Chronic inflammatory conditions** (e.g., rheumatoid arthritis, systemic lupus erythematosus)
   - **Migraine**
   - **Atypical antipsychotic use**
   - **Severe mental illness**
   - **Erectile dysfunction**
   - **A history of premature menopause**
   - **Chronic kidney disease (CKD) stage 3 or 4**
   - **Use of corticosteroids** or other medications that increase CVD risk.

   These factors allow for more personalized risk assessment compared to older models.

### 4. **High-Risk Populations**
   - QRisk3 is particularly useful for individuals with multiple risk factors or those who may be at elevated baseline risk due to their ethnicity, socioeconomic status, or family history of premature CVD.
   - For people with a **family history of premature CVD**, QRisk3 can help identify the need for earlier intervention.

### 5. **When NOT to Use QRisk3**
   - QRisk3 is NOT recommended for people who already have established CVD, as they are considered high-risk by default and should receive secondary prevention measures.
   - It is not intended for use in people under 25 years old or for individuals with conditions that make the risk calculation unreliable, such as **severe CKD (stage 5)** or familial hypercholesterolemia.

### 6. **Adjustments Beyond QRisk3**
   - NICE emphasizes the importance of clinical judgment when interpreting QRisk3 scores. For example, if an individual's score is slightly below the 10% threshold but they have additional risk factors (e.g., South Asian ethnicity or persistent hypertension), clinicians may consider offering preventive interventions.

In summary, NICE recommends using QRisk3 in adults without established CVD to estimate their 10-year risk and guide decisions regarding lifestyle interventions and statin therapy. It is particularly valuable in individuals with complex or additional risk factors that are not captured by older tools.","['The model extracted information using a document titled Cardiovascular disease: risk assessment and reduction, including lipid modification. This guideline provides a systematic approach for assessing cardiovascular disease (CVD) risk and offers recommendations for risk reduction, covering when to conduct formal risk assessments, how to use tools like QRISK3, and strategies for lifestyle changes, lipid management, and statin use to lower CVD risk in primary care settings..']"
When do clinical guidelines recommend risk scoring?,"According to NICE guidelines, what are the appropriate times to conduct QRisk3 cardiovascular risk assessments?","The appropriate times to conduct QRISK3 cardiovascular risk assessments are: 

1. Use QRISK3 for people aged 25 to 84 without established cardiovascular disease, including those with type 2 diabetes. 
2. Review cardiovascular disease risk estimates on an ongoing basis for people over 40 to monitor risk factors over time. 
3. Prioritise individuals for a full formal risk assessment if their estimated 10-year cardiovascular disease risk is 10% or more. 
4. For people under 40 with cardiovascular risk factors, QRISK3 or QRISK3-lifetime can be used to guide discussions and motivate lifestyle changes. 
5. Recognise that QRISK3 may underestimate risk in certain groups, such as individuals with severe mental illnesses, autoimmune disorders, HIV treatment, or those taking medications affecting lipid levels. 
6. Consider people aged 85 or older to be at increased cardiovascular disease risk due to age alone, particularly if they have additional risk factors like smoking or raised blood pressure. 
7. Offer QRISK3 assessments to individuals considering lifestyle changes to reduce cardiovascular disease risk and wish to reassess their risk afterward. 

Additionally, QRISK3 should not be used for people at high risk due to type 1 diabetes, chronic kidney disease with significant impairment, or inherited lipid disorders like familial hypercholesterolaemia. By following these guidelines, QRISK3 can be effectively integrated into cardiovascular disease prevention strategies.","The National Institute for Health and Care Excellence (NICE) provides guidelines on cardiovascular risk assessment to help identify individuals at risk of developing cardiovascular disease (CVD). According to the NICE guidelines, the **QRisk3 cardiovascular risk assessment** should be conducted in the following situations:

1. **For adults aged 40–74 years without a history of cardiovascular disease:**
   - NICE recommends offering a **CVD risk assessment using tools like QRisk3** to all adults in this age range as part of routine health checks, unless they are already considered at high risk due to other factors (e.g., pre-existing conditions like diabetes or familial hypercholesterolemia).

2. **Repeat assessments in individuals with no known CVD:**
   - NICE suggests **reassessing CVD risk every 5 years** in individuals who had a previous risk assessment, particularly if their risk was close to the treatment threshold or if other risk factors have changed over time.

3. **Individuals with specific clinical indications:**
   - QRisk3 assessment can be used opportunistically when people with risk factors for CVD (e.g., hypertension, obesity, smoking, or a family history of premature CVD) are encountered in clinical practice, even if they are outside the 5-year reassessment window.

4. **Do not use QRisk3 in the following groups:**
   - Individuals with pre-existing cardiovascular disease (e.g., myocardial infarction, stroke, or peripheral arterial disease) do not need a QRisk3 score, as their risk is already considered high, and treatment should be managed accordingly.
   - People under 25 years old or over 85 years old, because QRisk3 is not validated for these age groups.
   - Individuals with familial hypercholesterolemia or other genetic lipid disorders, as they require specialized risk assessment tools and management.

5. **Clinical judgment for younger individuals with risk factors:**
   - For people under 40 with additional risk factors (e.g., significant family history of CVD, severe obesity, or metabolic syndrome), QRisk3 may be used, but clinicians should interpret the results with caution and consider other factors outside of the risk score.

### Additional Notes:
- QRisk3 calculates the 10-year risk of developing CVD based on a variety of risk factors, including age, sex, ethnicity, smoking status, cholesterol levels, blood pressure, presence of conditions like diabetes, and other factors.
- A **10-year CVD risk of 10% or higher** (QRisk3 ≥ 10%) is generally used as the threshold for considering preventive interventions, such as initiating statin therapy.

Always refer to the latest NICE guidelines and clinical judgment when applying QRisk3 in practice.","['The model extracted information using a document titled Cardiovascular disease: risk assessment and reduction, including lipid modification. This guideline provides a systematic approach for assessing cardiovascular disease (CVD) risk and offers recommendations for risk reduction, covering when to conduct formal risk assessments, how to use tools like QRISK3, and strategies for lifestyle changes, lipid management, and statin use to lower CVD risk in primary care settings..']"
What is the recommended risk score?,Which risk score is advised for primary prevention of cardiovascular disease in the United Kingdom?,"The advised risk score for primary prevention of cardiovascular disease in the United Kingdom is based on the QRISK3 tool. It is used to calculate the estimated 10-year risk of cardiovascular disease for people aged 25 to 84 years who do not already have established cardiovascular disease. People with a 10-year QRISK3 score of 10% or more should be prioritized for formal risk assessment and statin treatment. QRISK3-lifetime can also be considered for discussions about lifetime risk and motivating lifestyle changes, particularly for people with a 10-year QRISK3 score of less than 10% or for those under 40 with cardiovascular disease risk factors.","For primary prevention of cardiovascular disease (CVD) in the United Kingdom, the **QRISK3** score is the recommended risk assessment tool. QRISK3 is an updated version of QRISK2 and is widely used in clinical practice to estimate an individual's 10-year risk of developing CVD. It takes into account various factors, including:

- **Demographics**: Age, sex, and ethnicity.
- **Medical history**: Diabetes, chronic kidney disease (CKD), rheumatoid arthritis, atrial fibrillation, migraines, or systemic lupus erythematosus (SLE).
- **Lifestyle factors**: Smoking status, body mass index (BMI).
- **Family history**: Premature coronary heart disease (CHD) in a first-degree relative.
- **Blood pressure**: Systolic blood pressure.
- **Cholesterol levels**: The ratio of total cholesterol to high-density lipoprotein (HDL).

QRISK3 additionally incorporates factors like severe mental illness, atypical antipsychotics use, and conditions such as erectile dysfunction, which are not included in older tools like QRISK2.

The tool is used to guide decisions around interventions, such as initiating lipid-lowering therapy (e.g., statins), lifestyle modifications, or other preventive strategies. In the UK, the National Institute for Health and Care Excellence (NICE) recommends considering statin therapy if the QRISK score indicates a **10-year CVD risk of ≥10%**, alongside lifestyle advice.

For accurate assessment, clinicians typically use online calculators or electronic health record systems that integrate QRISK3.","['The model extracted information using a document titled Cardiovascular disease: risk assessment and reduction, including lipid modification. This guideline provides a systematic approach for assessing cardiovascular disease (CVD) risk and offers recommendations for risk reduction, covering when to conduct formal risk assessments, how to use tools like QRISK3, and strategies for lifestyle changes, lipid management, and statin use to lower CVD risk in primary care settings..']"
What is the recommended risk score?,What is the preferred risk assessment tool for cardiovascular disease prevention in the UK?,"The preferred risk assessment tool for cardiovascular disease prevention in the UK is QRISK3. It is used to calculate the estimated 10-year risk of cardiovascular disease for people aged 25 to 84 who do not already have established cardiovascular disease. It is also recommended for people with type 2 diabetes in the same age range, and QRISK3-lifetime may be used to motivate lifestyle changes, especially for individuals with lower risk scores or those under 40 with risk factors.","In the UK, the **QRISK®** tool is the preferred risk assessment tool for cardiovascular disease (CVD) prevention. QRISK® is a validated algorithm used to estimate an individual's 10-year risk of developing cardiovascular disease. It takes into account various factors such as:

- Age
- Sex
- Smoking status
- Blood pressure (systolic)
- Cholesterol levels (total cholesterol/HDL ratio)
- Body mass index (BMI)
- Ethnicity
- Family history of CVD
- Presence of comorbidities (e.g., diabetes, chronic kidney disease, atrial fibrillation, rheumatoid arthritis)
- Socioeconomic factors (e.g., deprivation index)

The latest version, **QRISK3**, includes additional risk factors such as migraine, systemic lupus erythematosus (SLE), atypical antipsychotic use, and erectile dysfunction, among others. It is widely used in clinical practice to guide decisions about initiating preventive interventions like lifestyle modifications, statin therapy, or antihypertensive treatment.

Healthcare practitioners in the UK commonly use QRISK® because it is tailored to the UK population and incorporates local epidemiological data, making it more accurate compared to other risk calculators like the Framingham Risk Score.","['The model extracted information using a document titled Cardiovascular disease: risk assessment and reduction, including lipid modification. This guideline provides a systematic approach for assessing cardiovascular disease (CVD) risk and offers recommendations for risk reduction, covering when to conduct formal risk assessments, how to use tools like QRISK3, and strategies for lifestyle changes, lipid management, and statin use to lower CVD risk in primary care settings..']"
What is the recommended risk score?,"According to UK guidelines, which risk score should be used for primary cardiovascular disease prevention?","According to UK guidelines, the QRISK3 tool should be used to calculate the estimated 10-year cardiovascular disease risk for primary prevention in individuals aged 25 to 84 who do not have established cardiovascular disease. This recommendation is outlined in section 1.1.7 of the guidelines.","In the UK, the recommended risk score for primary cardiovascular disease (CVD) prevention is the **QRISK** score, specifically the **QRISK3** tool (the most recent version as of 2023). 

The QRISK score is a widely used algorithm that estimates the 10-year risk of developing CVD, including non-fatal myocardial infarction, coronary heart disease, stroke, and transient ischemic attack. It takes into account various risk factors, such as:

- Age, sex, and ethnicity
- Smoking status
- Blood pressure
- Cholesterol levels (total cholesterol/HDL ratio)
- Diabetes status
- Family history of CVD
- Body mass index (BMI)
- Socioeconomic status (measured using the Townsend deprivation score)
- Additional clinical factors like atrial fibrillation, chronic kidney disease (CKD), rheumatoid arthritis, and more.

UK guidelines, such as those from the **National Institute for Health and Care Excellence (NICE)**, recommend using QRISK3 to guide decisions about offering lifestyle interventions or pharmacological interventions (e.g., statins) for primary prevention in adults without a prior history of CVD.

Specifically, NICE suggests considering statins for people with a QRISK3 score of **10% or greater (≥10%)** over 10 years, after discussing the potential benefits and risks with the patient.

For further accuracy, QRISK3 is implemented in clinical systems and can be calculated online using the [official QRISK3 calculator](https://qrisk.org).","['The model extracted information using a document titled Cardiovascular disease: risk assessment and reduction, including lipid modification. This guideline provides a systematic approach for assessing cardiovascular disease (CVD) risk and offers recommendations for risk reduction, covering when to conduct formal risk assessments, how to use tools like QRISK3, and strategies for lifestyle changes, lipid management, and statin use to lower CVD risk in primary care settings..']"
What is the recommended risk score?,What is the recommended method for assessing cardiovascular disease risk in primary prevention in the UK?,"The recommended method for assessing cardiovascular disease risk in primary prevention in the UK involves using a systematic strategy to identify individuals at high risk of CVD, prioritizing formal assessments for those with an estimated 10-year risk of 10% or more, and employing the QRISK3 tool for formal risk calculation. QRISK3 is used for individuals aged 25 to 84 without established CVD and also for people with type 2 diabetes within the same age range. Special considerations are given to certain populations, such as those with severe mental illness, autoimmune disorders, or those aged 85 and older. Communication and shared decision-making are emphasized during the risk assessment process.","In the UK, the recommended method for assessing cardiovascular disease (CVD) risk in primary prevention is typically based on the use of **QRISK**, a validated risk calculator. The QRISK tool is endorsed by the **National Institute for Health and Care Excellence (NICE)** as part of its guidelines for CVD risk assessment and prevention.

Here’s an overview of the process:

### 1. **QRISK Tool**
   - The QRISK calculator estimates the 10-year risk of developing cardiovascular disease. It is widely used in UK clinical practice.
   - QRISK considers a variety of factors, including:
     - **Age**
     - **Sex**
     - **Ethnicity**
     - **Smoking status**
     - **Family history of CVD**
     - **Body mass index (BMI)**
     - **Blood pressure (systolic)**
     - **Cholesterol levels** (total cholesterol/HDL ratio)
     - **Diabetes status**
     - **Chronic kidney disease (CKD)**
     - **Atrial fibrillation**
     - **Rheumatoid arthritis**
     - **Socioeconomic status** (using the Index of Multiple Deprivation)

### 2. **Threshold for Intervention**
   - NICE guidelines recommend considering primary prevention interventions (e.g., lifestyle changes or statin therapy) for individuals with a **QRISK score of ≥10%**, which indicates a 10% or greater risk of developing CVD over the next 10 years.
   - For individuals with higher risk factors (e.g., familial hypercholesterolemia, type 1 diabetes, or CKD), QRISK may not be appropriate, and other risk assessment methods or clinical judgment may be used.

### 3. **Lifestyle Modifications**
   - Before starting pharmacological treatment, lifestyle changes are the first line of intervention. These include:
     - Diet improvements (low saturated fat, high fruit/vegetables, Mediterranean-style diet)
     - Regular physical activity
     - Smoking cessation
     - Weight management
     - Alcohol moderation

### 4. **Pharmacological Treatment**
   - In individuals with a QRISK score ≥10%, **atorvastatin 20 mg** is typically recommended as first-line therapy for lowering LDL cholesterol levels.
   - Regular monitoring of lipids and liver function is advised once statins are initiated.

### 5. **Other Considerations**
   - In certain populations, such as those with familial hypercholesterolemia or type 1 diabetes, specific tools or clinical judgment may be used instead of QRISK.
   - Additional risk modifiers, such as coronary calcium scores or advanced lipid profiles, may be considered in select cases, though they are not routinely part of primary prevention in the UK.

### Practical Steps in Primary Care:
   - Assess the patient’s CVD risk using QRISK during routine health checks or when relevant risk factors are identified.
   - Discuss the results with the patient, balancing the benefits and risks of potential interventions.
   - Implement lifestyle changes and pharmacological treatments as necessary, with regular follow-up to monitor progress.

This approach aligns with the **NICE Clinical Guideline CG181** and other related recommendations for preventing cardiovascular disease in adults.","['The model extracted information using a document titled Cardiovascular disease: risk assessment and reduction, including lipid modification. This guideline provides a systematic approach for assessing cardiovascular disease (CVD) risk and offers recommendations for risk reduction, covering when to conduct formal risk assessments, how to use tools like QRISK3, and strategies for lifestyle changes, lipid management, and statin use to lower CVD risk in primary care settings..']"
What is the recommended risk score?,Which risk calculation tool is suggested for evaluating cardiovascular disease risk in primary prevention within the UK?,"The recommended tool for evaluating cardiovascular disease risk in primary prevention within the UK is QRISK3. It is specifically designed for use in primary care settings to predict the 10-year risk of cardiovascular disease in individuals aged 25–84 years. QRISK3 incorporates both traditional risk factors like age, sex, and smoking status, as well as additional factors such as migraines, corticosteroid use, and systemic lupus erythematosus. This tool is widely accepted in UK clinical practice guidelines for assessing cardiovascular risk in individuals without pre-existing cardiovascular disease and not already on statin therapy.","In the UK, the **QRISK®3** tool is widely recommended for evaluating cardiovascular disease (CVD) risk in primary prevention. QRISK3 is a validated risk assessment model that estimates an individual's 10-year risk of developing CVD, such as heart attack or stroke. It incorporates a broad range of risk factors, including:

- Age, sex, and ethnicity
- Smoking status
- Blood pressure (systolic)
- Cholesterol levels (total and HDL cholesterol)
- Body mass index (BMI)
- Family history of CVD
- Presence of medical conditions such as diabetes, chronic kidney disease (CKD), atrial fibrillation, rheumatoid arthritis, or severe mental illness
- Use of antihypertensive medications
- Socioeconomic status (measured by the Townsend deprivation score)

The National Institute for Health and Care Excellence (**NICE**) guidelines recommend using QRISK for adults aged 25–84 years without established CVD to guide decisions about lifestyle interventions and statin therapy for primary prevention.

QRISK scores of 10% or greater (indicating a 10% or higher chance of developing CVD in the next 10 years) are often used as a threshold for considering statin therapy, alongside a discussion of risks and benefits with the patient.","['The model extracted information using This QRISK3 infosheet provides a comprehensive overview of the cardiovascular risk prediction model, including its methodology, a breakdown of traditional and additional risk factors, detailed validation results, and performance metrics..']"
What is the recommended risk score?,What is the UK's recommended risk score for assessing cardiovascular disease risk in primary prevention settings?,"The UK's recommended risk score for assessing cardiovascular disease risk in primary prevention settings is based on the QRISK3 tool. This tool estimates the 10-year risk of cardiovascular disease for individuals aged 25 to 84 who do not already have established cardiovascular disease. If the calculated 10-year risk is 10% or higher, a full formal risk assessment is recommended, and statin treatment may be considered for primary prevention. QRISK3 is specifically tailored for use in various populations, including individuals with type 2 diabetes, but may underestimate risks in certain groups, such as those with severe mental illness or systemic inflammatory disorders.","In the UK, the **QRISK® score** is the recommended tool for assessing cardiovascular disease (CVD) risk in primary prevention settings. The **National Institute for Health and Care Excellence (NICE)** guidelines suggest using QRISK®3 (the latest version) to estimate a person's 10-year risk of developing CVD.

### Key Points about QRISK®:
1. **Purpose**: QRISK®3 calculates the 10-year risk of developing CVD, including heart attacks and strokes.
2. **Threshold for Intervention**: According to NICE guidelines, people with a QRISK® score of **10% or higher** are considered at elevated risk for CVD. This is often the threshold for considering interventions such as lifestyle modifications or statin therapy for primary prevention.
3. **Factors Included**: QRISK®3 includes variables such as:
   - Age, sex, ethnicity
   - Smoking status
   - Blood pressure
   - Cholesterol levels (total and HDL)
   - Diabetes status
   - Family history of CVD
   - Kidney disease, rheumatoid arthritis, atrial fibrillation
   - Socioeconomic status (via the Townsend deprivation score)

### Application in Clinical Practice:
- NICE recommends offering **atorvastatin 20 mg daily** as primary prevention to adults with a QRISK® score ≥10%, provided they have been appropriately informed about the benefits and risks of treatment.
- Lifestyle changes (e.g., diet, exercise, smoking cessation) are emphasized for all patients, regardless of their QRISK® score.

It is important to note that clinical judgment and patient preferences should guide decision-making, and QRISK® scores should be interpreted within the context of individual patient circumstances.","['The model extracted information using a document titled Cardiovascular disease: risk assessment and reduction, including lipid modification. This guideline provides a systematic approach for assessing cardiovascular disease (CVD) risk and offers recommendations for risk reduction, covering when to conduct formal risk assessments, how to use tools like QRISK3, and strategies for lifestyle changes, lipid management, and statin use to lower CVD risk in primary care settings..']"
What is the recommended risk score?,"In the UK, which risk assessment model is advocated for primary prevention of cardiovascular disease?","The risk assessment model advocated in the UK for the primary prevention of cardiovascular disease is QRISK3. This model estimates the 10-year risk of cardiovascular disease by incorporating various clinical variables, such as chronic kidney disease, blood pressure variability, and other factors, to provide a comprehensive evaluation.","In the UK, the **QRISK** risk assessment model is widely advocated for the primary prevention of cardiovascular disease (CVD). QRISK is a validated, population-specific tool that estimates an individual's 10-year risk of developing cardiovascular disease. It incorporates a range of factors including:

- Age
- Sex
- Smoking status
- Blood pressure
- Cholesterol levels
- Body mass index (BMI)
- Presence of comorbidities (e.g., diabetes, rheumatoid arthritis, chronic kidney disease)
- Socioeconomic status (using the Townsend deprivation score)
- Ethnicity

The QRISK tool is recommended by the **National Institute for Health and Care Excellence (NICE)** in its guidelines on cardiovascular disease prevention. Specifically, NICE advises using QRISK2 or QRISK3 to guide clinical decisions, such as determining whether to initiate statin therapy for individuals with a calculated 10-year risk of 10% or higher.

The QRISK model is tailored to the UK population and continually updated to reflect changes in risk factor prevalence and treatment outcomes, making it highly relevant for clinical practice in the UK.","['The model extracted information using This QRISK3 infosheet provides a comprehensive overview of the cardiovascular risk prediction model, including its methodology, a breakdown of traditional and additional risk factors, detailed validation results, and performance metrics..']"
What is the recommended risk score?,What risk scoring system is endorsed for primary cardiovascular disease prevention in the United Kingdom?,"The risk scoring system endorsed for primary cardiovascular disease prevention in the United Kingdom is QRISK3. It is recommended for calculating the estimated 10-year risk of cardiovascular disease for people aged 25–84 without established CVD, including those with type 2 diabetes within the same age range. QRISK3-lifetime may also be used to inform discussions and motivate lifestyle changes for individuals with a lower 10-year risk or younger people with CVD risk factors.","In the United Kingdom, the **QRISK scoring system** is endorsed for primary cardiovascular disease (CVD) prevention. QRISK is a validated algorithm that estimates an individual's risk of developing cardiovascular disease over the next 10 years. It is specifically tailored to the UK population and includes a range of risk factors, such as:

- Age
- Sex
- Smoking status
- Blood pressure
- Cholesterol levels
- Body mass index (BMI)
- Ethnicity
- Family history of CVD
- Presence of health conditions like type 2 diabetes, chronic kidney disease, or atrial fibrillation
- Socioeconomic status (measured using the Townsend deprivation score)

Healthcare professionals in the UK use QRISK to guide decisions about interventions, such as lifestyle modifications and pharmacological treatments (e.g., statins), for individuals at high risk of cardiovascular disease. The current version, **QRISK3**, includes additional factors compared to earlier versions, improving its accuracy in risk prediction for diverse patient populations.

For clinical application, a QRISK score of **10% or higher** typically triggers consideration for preventive measures, such as statin therapy, as per guidelines issued by the **National Institute for Health and Care Excellence (NICE)**.","['The model extracted information using a document titled Cardiovascular disease: risk assessment and reduction, including lipid modification. This guideline provides a systematic approach for assessing cardiovascular disease (CVD) risk and offers recommendations for risk reduction, covering when to conduct formal risk assessments, how to use tools like QRISK3, and strategies for lifestyle changes, lipid management, and statin use to lower CVD risk in primary care settings..']"
What is the recommended risk score?,Which risk prediction tool is recommended for estimating cardiovascular disease risk in primary prevention in the UK?,"The recommended tool for estimating cardiovascular disease risk in primary prevention in the UK calculates the estimated 10-year risk for people aged 25–84 without established cardiovascular disease, as well as for individuals with type 2 diabetes within the same age range. For discussions about lifetime risk and encouraging lifestyle changes, an additional tool may be considered for lifetime risk estimation.","In the UK, the recommended risk prediction tool for estimating cardiovascular disease (CVD) risk in primary prevention is **QRISK3**. QRISK3 is the latest version of the QRISK tool, which is widely used in clinical practice to estimate the 10-year risk of developing cardiovascular disease. It takes into account a variety of factors, including:

- **Demographics**: Age, sex, and ethnicity.
- **Lifestyle factors**: Smoking status, body mass index (BMI).
- **Medical history**: Diabetes, rheumatoid arthritis, chronic kidney disease (stage 3–5), atrial fibrillation, and certain medications.
- **Social factors**: Deprivation score based on the patient's postcode.
- **Family history**: History of premature cardiovascular disease in first-degree relatives.

QRISK3 also includes additional factors compared to previous versions, such as migraine, systemic lupus erythematosus (SLE), antipsychotic medication use, and severe mental illness.

The tool is recommended by the **National Institute for Health and Care Excellence (NICE)** guidelines for assessing CVD risk in adults aged 40–74 years without a pre-existing diagnosis of cardiovascular disease. If the 10-year risk score is 10% or higher, clinicians typically consider discussing interventions such as lifestyle changes and statin therapy for primary prevention.

QRISK3 is available online, integrated into many UK electronic health record systems, and updated periodically based on new evidence.","['The model extracted information using a document titled Cardiovascular disease: risk assessment and reduction, including lipid modification. This guideline provides a systematic approach for assessing cardiovascular disease (CVD) risk and offers recommendations for risk reduction, covering when to conduct formal risk assessments, how to use tools like QRISK3, and strategies for lifestyle changes, lipid management, and statin use to lower CVD risk in primary care settings..']"
What is the recommended risk score?,What is the UK's preferred risk score for evaluating cardiovascular disease risk in primary prevention contexts?,"The UK's preferred risk score for evaluating cardiovascular disease risk in primary prevention contexts is QRISK3. It estimates the 10-year risk of cardiovascular disease and incorporates additional clinical variables such as chronic kidney disease, migraine, corticosteroid use, systemic lupus erythematosus, atypical antipsychotic use, severe mental illness, erectile dysfunction (in men), and blood pressure variability. QRISK3 aligns with national guidelines recommending a 10-year cardiovascular disease risk threshold of ≥10% for identifying patients for preventive interventions.","In the UK, the preferred risk score for evaluating cardiovascular disease (CVD) risk in primary prevention contexts is the **QRISK** score. Specifically, the latest version, **QRISK3**, is widely used as of recent updates.

### Key Features of QRISK:
1. **Purpose**: QRISK estimates the 10-year risk of developing cardiovascular disease, such as heart attack or stroke.
2. **Factors Considered**: QRISK incorporates a wide range of clinical and demographic factors, including:
   - Age
   - Sex
   - Smoking status
   - Blood pressure (systolic)
   - Cholesterol levels (total cholesterol/HDL ratio)
   - BMI (body mass index)
   - Ethnicity
   - Family history of CVD
   - Presence of comorbid conditions, such as diabetes, rheumatoid arthritis, or chronic kidney disease
   - Socioeconomic deprivation (via the Townsend deprivation score)

### Why QRISK is Preferred:
- It has been specifically designed to reflect the UK population and incorporates UK-specific data.
- QRISK3, the latest version, builds upon QRISK2 by including additional risk factors, such as migraine, systemic lupus erythematosus (SLE), atypical antipsychotic use, and more, which enhance its predictive accuracy for diverse patient groups.

### Clinical Application:
In primary care settings, QRISK is used to guide decisions about initiating preventive measures such as **statin therapy** or lifestyle modifications. The National Institute for Health and Care Excellence (NICE) recommends considering statin treatment for individuals with a QRISK score of **10% or higher**, indicating a 10-year risk of CVD of 10% or more.

### Alternative Risk Scores:
While QRISK is the preferred tool in the UK, other risk scores like the **Framingham Risk Score** or **ASCVD Risk Calculator** (used in the US) are also available but are less tailored to the UK population.

","['The model extracted information using This QRISK3 infosheet provides a comprehensive overview of the cardiovascular risk prediction model, including its methodology, a breakdown of traditional and additional risk factors, detailed validation results, and performance metrics..']"
Who is the risk score suitable for?,My patient is 50 years old. Do NICE guidelines recommend using QRisk3?,"Yes, guidelines recommend using a cardiovascular risk calculation tool for a 50-year-old patient. Specifically, it is advised to estimate the 10-year cardiovascular disease risk for people aged between 25 and 84, provided they do not already have established cardiovascular disease or conditions like type 1 diabetes, familial hypercholesterolaemia, or chronic kidney disease.","Yes, the **NICE guidelines** (National Institute for Health and Care Excellence) recommend using the **QRISK3** tool to assess cardiovascular disease (CVD) risk in adults. Specifically:

1. **Who should have their CVD risk assessed?**
   - QRISK3 is recommended for adults aged **40–84 years** who do not already have established cardiovascular disease (e.g., previous stroke, heart attack) and are not on lipid-lowering therapy.

2. **Age of the Patient:**
   - Since your patient is **50 years old**, they fall within the age range where QRISK3 is appropriate for primary prevention.

3. **What is QRISK3?**
   - QRISK3 is an updated version of the QRISK algorithm and includes additional factors to improve risk prediction, such as severe mental illness, corticosteroid use, migraines, systemic lupus erythematosus (SLE), and more. It provides an estimate of the **10-year risk of developing cardiovascular disease**.

4. **Threshold for Intervention:**
   - According to NICE guidelines, if the QRISK3 score is **≥10%**, clinicians should offer interventions such as lifestyle changes and consider lipid-lowering therapy, typically a statin like atorvastatin.

5. **Exemptions:**
   - QRISK3 is not used in individuals under 25, over 85, or those with pre-existing CVD, familial hypercholesterolemia, or other high-risk conditions where risk calculation is less relevant.

### Summary:
For your 50-year-old patient, it is appropriate to use QRISK3 to assess their 10-year CVD risk and guide management based on NICE recommendations.","['The model extracted information using a document titled Cardiovascular disease: risk assessment and reduction, including lipid modification. This guideline provides a systematic approach for assessing cardiovascular disease (CVD) risk and offers recommendations for risk reduction, covering when to conduct formal risk assessments, how to use tools like QRISK3, and strategies for lifestyle changes, lipid management, and statin use to lower CVD risk in primary care settings..']"
Who is the risk score suitable for?,My patient has severe chronic kidney disease. Do NICE guidelines recommend using QRisk3?,"NICE guidelines state that QRisk3 should not be used to assess cardiovascular disease risk in patients with severe chronic kidney disease. Instead, these individuals are automatically considered at high risk of cardiovascular disease and managed accordingly without the need for formal risk calculation.","No, NICE (National Institute for Health and Care Excellence) guidelines do **not** recommend using QRisk3 for patients with **severe chronic kidney disease (CKD)**. In fact, NICE specifically advises against using QRisk tools (including QRisk3) to estimate cardiovascular risk in individuals with **chronic kidney disease** stages **3B, 4, or 5**, because these patients are already considered to be at high risk of cardiovascular disease (CVD), and QRisk may underestimate this risk.

Instead, NICE recommends that healthcare professionals automatically consider patients with advanced CKD (stage 3B or worse) as **high risk for cardiovascular events** and manage them accordingly. This includes offering **statin therapy** for primary prevention of CVD.

### Key NICE Recommendations for CKD and CVD Risk:
1. **Do not use QRisk** for people with CKD stages 3B, 4, or 5 (eGFR < 45 mL/min/1.73 m²).
2. **Offer atorvastatin 20 mg daily** to adults with CKD (including stages 3B–5), unless contraindicated or not tolerated.
3. Monitor lipid levels and adjust statin therapy as necessary to achieve a reduction in non-HDL cholesterol.

For patients with less severe CKD (e.g., stage 3A, eGFR 45–59 mL/min/1.73 m²), QRisk3 may still be used to estimate cardiovascular risk, but clinicians should remain cautious and use clinical judgment.

Always tailor treatment decisions to the individual patient, considering their broader health context, comorbidities, and preferences.

","['The model extracted information using a document titled Cardiovascular disease: risk assessment and reduction, including lipid modification. This guideline provides a systematic approach for assessing cardiovascular disease (CVD) risk and offers recommendations for risk reduction, covering when to conduct formal risk assessments, how to use tools like QRISK3, and strategies for lifestyle changes, lipid management, and statin use to lower CVD risk in primary care settings..']"
Who is the risk score suitable for?,My patient is 70 years old. Do NICE guidelines recommend using QRisk3?,"Yes, NICE guidelines recommend using the QRISK3 tool for a 70-year-old patient to estimate their cardiovascular disease (CVD) risk within the next 10 years, as long as they do not fall into specific exclusion categories. QRISK3 should not be used for individuals at high risk due to conditions like Type 1 diabetes, chronic kidney disease, or familial hypercholesterolaemia. Additionally, QRISK3 may underestimate risk for certain groups, such as those treated for HIV or severe mental illness, or those already taking medicines to treat CVD risk factors. If the patient does not belong to these excluded groups, QRISK3 is suitable for assessing their risk and guiding decisions about lifestyle changes and potential interventions like statin treatment.","Yes, the NICE guidelines recommend using the **QRisk3** tool to estimate the risk of cardiovascular disease (CVD) in patients. QRisk3 is the latest iteration of the predictive model for assessing the 10-year risk of developing CVD. However, there are some important considerations for its use in a 70-year-old patient.

### Key points from NICE guidelines regarding QRisk3:
1. **Age Consideration**: QRisk3 is designed for use in adults aged **25 to 84 years**. Since your patient is 70 years old, it falls within the recommended age range for QRisk3.

2. **Population Applicability**: QRisk3 is typically used for primary prevention in individuals without established cardiovascular disease. If your patient already has a history of CVD (e.g., previous myocardial infarction, stroke, or peripheral arterial disease), QRisk3 may not be appropriate, as these patients are already at high risk and should be managed accordingly.

3. **Threshold for Intervention**: NICE suggests considering lipid-lowering therapy (e.g., statins) for individuals with a QRisk3 score of **10% or higher**, meaning a 10% or greater risk of developing CVD within the next 10 years. However, clinical judgment should also account for comorbidities, frailty, and patient preferences.

4. **Adjustments for Specific Conditions**: QRisk3 includes additional variables compared to QRisk2, such as chronic kidney disease (CKD), migraine, corticosteroid use, systemic lupus erythematosus (SLE), and atypical antipsychotic use. If your patient has any of these conditions, QRisk3 may provide a more accurate risk estimate.

5. **Limitations in Older Adults**: In older adults, QRisk3 scores can sometimes overestimate risk due to age being a dominant factor in the calculation. Therefore, it’s important to interpret the results in the context of the patient's overall health, life expectancy, and willingness to undergo treatment.

### Recommendation:
If your 70-year-old patient does not have established CVD and is being assessed for primary prevention, you can use QRisk3 to estimate their 10-year CVD risk. Based on the calculated risk, you can discuss lifestyle changes, medication options (e.g., statins), and other interventions tailored to their preferences and clinical circumstances.

If you need further clarification, feel free to ask!","['The model extracted information using a document titled Cardiovascular disease: risk assessment and reduction, including lipid modification. This guideline provides a systematic approach for assessing cardiovascular disease (CVD) risk and offers recommendations for risk reduction, covering when to conduct formal risk assessments, how to use tools like QRISK3, and strategies for lifestyle changes, lipid management, and statin use to lower CVD risk in primary care settings..']"
Who is the risk score suitable for?,My patient has type 2 diabetes. Do NICE guidelines recommend using QRisk3?,NICE guidelines recommend calculating the estimated cardiovascular disease (CVD) risk using the QRISK3 tool for people with type 2 diabetes who are aged between 25 and 84. This helps in assessing the 10-year CVD risk for such patients.,"Yes, NICE guidelines recommend using the QRisk3 tool to assess cardiovascular risk in patients, including those with type 2 diabetes, but with specific considerations.

According to the **NICE guidelines** (such as NG28 for type 2 diabetes in adults and CG181 for cardiovascular risk assessment), QRisk3 may be used to estimate the 10-year risk of developing cardiovascular disease (CVD) for adults aged 40–84 years. However, for patients with **type 2 diabetes**, NICE states that QRisk3 is not always reliable because diabetes itself is a significant risk factor for cardiovascular disease, and QRisk tools may underestimate the risk in these patients. 

Here are the key points:

1. **Do not use QRisk3 for patients with type 2 diabetes who are already at high cardiovascular risk**, such as:
   - Those aged 85 years or older (age-related high risk)
   - Patients with existing cardiovascular disease (e.g., history of stroke, myocardial infarction)
   - Patients with chronic kidney disease (CKD) stage 3 or higher (eGFR < 60 ml/min/1.73 m²)
   - Patients with type 1 diabetes.

2. For most patients with **type 2 diabetes**, NICE suggests that they should be considered at increased cardiovascular risk by default. In practice, healthcare professionals may proceed directly to offering **lipid-lowering therapy (e.g., statins)** without a QRisk3 calculation.

3. If QRisk3 is used, it may provide some guidance in younger patients with type 2 diabetes who do not have other high-risk factors. However, clinical judgment remains essential.

### Recommended Action:
- For patients with type 2 diabetes, NICE generally advises initiating **atorvastatin 20 mg daily** for primary prevention of CVD unless contraindicated, regardless of the calculated QRisk score, particularly for those aged ≥40 years.
- Review lipid levels and cardiovascular risk factors regularly.

In summary, QRisk3 is not routinely recommended for assessing cardiovascular risk in type 2 diabetes, as these patients are already considered at higher risk. Treatment decisions should be guided by NICE's recommendations for lipid-lowering therapy and clinical judgment rather than relying solely on QRisk3.","['The model extracted information using a document titled Cardiovascular disease: risk assessment and reduction, including lipid modification. This guideline provides a systematic approach for assessing cardiovascular disease (CVD) risk and offers recommendations for risk reduction, covering when to conduct formal risk assessments, how to use tools like QRISK3, and strategies for lifestyle changes, lipid management, and statin use to lower CVD risk in primary care settings..']"
Who is the risk score suitable for?,My patient is 30 years old. Do NICE guidelines recommend using QRisk3?,"NICE guidelines recommend using a cardiovascular risk prediction tool to calculate the estimated 10-year cardiovascular disease (CVD) risk for individuals aged 25 to 84 who do not have established CVD. As your patient is 30 years old, they fall within this age range, making the tool appropriate for assessing their CVD risk. Furthermore, for individuals under 40 with CVD risk factors, it is suggested to use lifetime risk estimation to guide discussions and encourage lifestyle changes.","Yes, the **NICE guidelines (UK)** recommend using the **QRISK3 tool** to assess cardiovascular disease (CVD) risk in adults, but with specific considerations depending on the patient's circumstances.

### Key Points from NICE Guidelines:
1. **Age Group for QRISK3**:
   - QRISK3 is recommended for assessing the 10-year risk of developing CVD in adults aged **25–84 years**.
   - Your patient is 30 years old, which is within the recommended range for using QRISK3.

2. **When to Use QRISK3**:
   NICE advises using QRISK3 to assess CVD risk in adults who do **not already have CVD** or other high-risk conditions (e.g., familial hypercholesterolemia or chronic kidney disease stages 3b–5).

3. **Exclusions**:
   QRISK3 may not be appropriate for some groups, including:
   - Patients with pre-existing CVD.
   - Those over 85 years old (due to limited utility for primary prevention in this group).
   - Patients with conditions like familial hypercholesterolemia or other genetic lipid disorders, as these conditions necessitate specialized management.

4. **What QRISK3 Considers**:
   QRISK3 includes additional risk factors compared to its predecessor, QRISK2. These include:
      - Severe mental illness.
      - Anti-psychotic use.
      - Migraine.
      - Corticosteroid use.
      - Systemic lupus erythematosus (SLE).
      - Atypical antipsychotic use.
      - Conditions like chronic kidney disease and atrial fibrillation.

5. **Threshold for Intervention**:
   - If the QRISK3 score is **10% or higher**, NICE recommends discussing the option of starting a statin (usually atorvastatin 20 mg) for primary prevention of CVD, following shared decision-making with the patient.
   - Lifestyle modifications are recommended regardless of the risk score.

### Summary for Your Patient:
For your 30-year-old patient, QRISK3 can be used to assess their 10-year CVD risk, provided they meet the criteria for assessment. If their calculated risk is high (>10%), consider appropriate interventions based on shared decision-making and clinical judgment. Always address modifiable risk factors like smoking, diet, exercise, and blood pressure as part of CVD prevention.","['The model extracted information using a document titled Cardiovascular disease: risk assessment and reduction, including lipid modification. This guideline provides a systematic approach for assessing cardiovascular disease (CVD) risk and offers recommendations for risk reduction, covering when to conduct formal risk assessments, how to use tools like QRISK3, and strategies for lifestyle changes, lipid management, and statin use to lower CVD risk in primary care settings..']"
Who is the risk score suitable for?,My patient has familial hypercholesterolaemia. Do NICE guidelines recommend using QRisk3?,"NICE guidelines do not recommend using QRisk3 for patients with familial hypercholesterolaemia. Instead, it advises following specific guidelines for identifying and managing familial hypercholesterolaemia, as QRisk3 is not suitable for individuals at high risk of cardiovascular disease, including those with inherited disorders of lipid metabolism.","No, NICE guidelines do not recommend using QRISK3 (or any other cardiovascular risk assessment tool) for patients with **familial hypercholesterolaemia (FH)**. This is because people with FH are already considered to have a significantly increased risk of cardiovascular disease (CVD) due to their genetic condition, so formal risk calculation is unnecessary.

Instead, NICE guidelines (CG71, updated 2019) emphasize the importance of diagnosing FH based on clinical criteria (e.g., Simon Broome criteria or Dutch Lipid Clinic Network criteria) and managing the condition with lifestyle advice and **lipid-lowering therapies** such as statins. The goal is to reduce LDL cholesterol levels by at least 50% from baseline in adults with FH.

If you suspect FH in your patient, referral to a specialist lipid service is recommended for confirmation of the diagnosis and guidance on management, including genetic testing and cascade testing of family members.

","['The model extracted information using a document titled Cardiovascular disease: risk assessment and reduction, including lipid modification. This guideline provides a systematic approach for assessing cardiovascular disease (CVD) risk and offers recommendations for risk reduction, covering when to conduct formal risk assessments, how to use tools like QRISK3, and strategies for lifestyle changes, lipid management, and statin use to lower CVD risk in primary care settings..']"
Who is the risk score suitable for?,My patient is 40 years old. Do NICE guidelines recommend using QRisk3?,"The guidelines recommend using a cardiovascular risk assessment tool for a 40-year-old patient. Specifically, the QRISK3 tool is advised for calculating the estimated 10-year risk of cardiovascular disease for individuals aged between 25 and 84 years who do not have established cardiovascular disease.","Yes, the **NICE guidelines** (National Institute for Health and Care Excellence) recommend using the **QRISK3** tool to assess cardiovascular disease (CVD) risk in adults aged 25–84 years. For your 40-year-old patient, this would be an appropriate tool to estimate their 10-year risk of developing CVD.

### Specific Guidance:
- NICE recommends assessing CVD risk using **QRISK3** for adults aged 25–84 who do not already have CVD, are not at high risk due to other conditions (e.g., familial hypercholesterolemia or chronic kidney disease), and are not already on lipid-lowering medications like statins.
- QRISK3 takes into account a range of risk factors, including age, sex, smoking status, blood pressure, cholesterol levels, and additional factors like mental health conditions (e.g., severe mental illness), inflammatory conditions (e.g., rheumatoid arthritis), and ethnicity.

### When to Offer Treatment:
- If the **QRISK3 score is 10% or higher**, NICE recommends offering lifestyle advice and considering **statin therapy** (e.g., atorvastatin 20 mg daily) for primary prevention of CVD, after discussing the risks and benefits with the patient.
- For people with risk factors like diabetes, severe hypertension, or chronic kidney disease, treatment decisions may not depend solely on QRISK3.

### Next Steps for Your Patient:
1. Calculate their QRISK3 score.
2. Discuss the result and its implications with the patient.
3. Provide lifestyle advice (e.g., smoking cessation, diet, exercise) based on their risk level.
4. If their QRISK3 score is ≥10%, discuss the option of starting statin therapy.

Let me know if you’d like more details about QRISK3 or how to interpret the results for your patient!","['The model extracted information using a document titled Cardiovascular disease: risk assessment and reduction, including lipid modification. This guideline provides a systematic approach for assessing cardiovascular disease (CVD) risk and offers recommendations for risk reduction, covering when to conduct formal risk assessments, how to use tools like QRISK3, and strategies for lifestyle changes, lipid management, and statin use to lower CVD risk in primary care settings..']"
Who is the risk score suitable for?,My patient has type 1 diabetes. Do NICE guidelines recommend using QRisk3?,"NICE guidelines explicitly state that risk assessment tools like QRISK3 should not be used for patients with type 1 diabetes, as they are considered at high risk of cardiovascular disease. Instead, the guidelines provide specific recommendations for statin treatment for the primary prevention of cardiovascular disease in such patients.","No, the **NICE (National Institute for Health and Care Excellence)** guidelines do not recommend using the **QRisk3** tool for people with **type 1 diabetes** to assess cardiovascular risk. QRisk3 is a cardiovascular risk calculator that is designed for the general population but is not validated for individuals with type 1 diabetes.

For patients with type 1 diabetes, NICE provides specific recommendations for assessing and managing cardiovascular risk. According to the guidelines:

1. **Do not use a risk assessment tool like QRisk2 or QRisk3 for people with type 1 diabetes.** These tools underestimate the cardiovascular risk in this population.
   
2. Consider offering a **statin** for adults with type 1 diabetes who:
   - Are older than 40 years.
   - Have had diabetes for more than 10 years.
   - Have established nephropathy.
   - Have other cardiovascular risk factors.

3. For people with type 1 diabetes who meet these criteria, offer **atorvastatin 20 mg daily** as primary prevention.

If your patient has type 1 diabetes, cardiovascular risk should be assessed based on clinical judgment and the specific recommendations for type 1 diabetes management, rather than relying on general risk calculators like QRisk3.

For the most recent recommendations, refer to the latest version of the **NICE guidelines for cardiovascular disease prevention** and diabetes management.","['The model extracted information using a document titled Cardiovascular disease: risk assessment and reduction, including lipid modification. This guideline provides a systematic approach for assessing cardiovascular disease (CVD) risk and offers recommendations for risk reduction, covering when to conduct formal risk assessments, how to use tools like QRISK3, and strategies for lifestyle changes, lipid management, and statin use to lower CVD risk in primary care settings..']"
Who is the risk score suitable for?,My patient is 10 years old. Do NICE guidelines recommend using QRisk3?,"NICE guidelines specify that the QRisk3 tool is designed to calculate the estimated 10-year cardiovascular disease (CVD) risk for individuals aged 25 to 84 who do not already have CVD. Therefore, it is not applicable to a 10-year-old patient.","No, the **NICE guidelines** (National Institute for Health and Care Excellence) do not recommend the use of **QRisk3** for children under the age of 18. QRisk3 is a cardiovascular risk assessment tool designed for adults aged between **25 and 84 years** to estimate their 10-year risk of developing cardiovascular disease (CVD). It is not validated for use in children or adolescents.

For a 10-year-old patient, if you're concerned about cardiovascular risk factors (e.g., obesity, hypertension, hyperlipidemia, or family history of premature CVD), the focus should be on lifestyle interventions and addressing modifiable risks. For children with severe risk factors (e.g., familial hypercholesterolemia), referral to a specialist (such as a pediatric lipid clinic) is often recommended.

If you suspect conditions like familial hypercholesterolemia, NICE guidelines recommend considering early interventions and specialist input rather than using QRisk3. Always tailor your approach to the individual patient and their specific risk factors.","['The model extracted information using a document titled Cardiovascular disease: risk assessment and reduction, including lipid modification. This guideline provides a systematic approach for assessing cardiovascular disease (CVD) risk and offers recommendations for risk reduction, covering when to conduct formal risk assessments, how to use tools like QRISK3, and strategies for lifestyle changes, lipid management, and statin use to lower CVD risk in primary care settings..']"
What is the risk for this patient?,What is the cardiovascular disease risk for person_cvd_0?,error,error,['error']
What is the risk for this patient?,What is the cardiovascular disease risk for person_cvd_1?,error,error,['error']
What is the risk for this patient?,What is the cardiovascular disease risk for person_cvd_2?,error,error,['error']
What is the risk for this patient?,What is the cardiovascular disease risk for person_cvd_3?,error,error,['error']
What is the risk for this patient?,What is the cardiovascular disease risk for person_cvd_4?,error,error,['error']
What is the risk for this patient?,What is the cardiovascular disease risk for person_cvd_5?,error,error,['error']
What is the risk for this patient?,What is the cardiovascular disease risk for person_cvd_6?,error,error,['error']
What is the risk for this patient?,What is the cardiovascular disease risk for person_cvd_7?,error,error,['error']
What is the risk for this patient?,What is the cardiovascular disease risk for person_cvd_8?,error,error,['error']
What is the risk for this patient?,What is the cardiovascular disease risk for person_cvd_9?,error,error,['error']
What characteristics led to the patient's risk?,"Suppose the person person_cvd_0. Based on the given patient information, which factors contributed most significantly to their cardiovascular risk score?",error,error,['error']
What characteristics led to the patient's risk?,"Suppose the person person_cvd_1. Based on the given patient information, which factors contributed most significantly to their cardiovascular risk score. What are the key determinants of this patient's cardiovascular risk according to the provided data?",error,error,['error']
What characteristics led to the patient's risk?,"Suppose the person person_cvd_2. Based on the given patient information, which factors contributed most significantly to their cardiovascular risk score?. Which aspects of the patient's profile had the greatest impact on their calculated cardiovascular risk?",error,error,['error']
What characteristics led to the patient's risk?,"Suppose the person person_cvd_3. Based on the given patient information, which factors contributed most significantly to their cardiovascular risk score?. What features of this patient's information were most influential in determining their risk score?",error,error,['error']
What characteristics led to the patient's risk?,"Suppose the person person_cvd_4. Based on the given patient information, which factors contributed most significantly to their cardiovascular risk score?. From the given patient data, what were the primary drivers of their cardiovascular risk assessment?",error,error,['error']
What characteristics led to the patient's risk?,"Suppose the person person_cvd_5. Based on the given patient information, which factors contributed most significantly to their cardiovascular risk score?. Which elements of the patient's profile played the most significant role in their risk calculation?",error,error,['error']
What characteristics led to the patient's risk?,"Suppose the person person_cvd_6. Based on the given patient information, which factors contributed most significantly to their cardiovascular risk score?. What factors in the provided patient information were most critical in shaping their risk score?",error,error,['error']
What characteristics led to the patient's risk?,"Suppose the person person_cvd_7. Based on the given patient information, which factors contributed most significantly to their cardiovascular risk score?. Based on the given data, what were the main contributors to this patient's cardiovascular risk?",error,error,['error']
What characteristics led to the patient's risk?,"Suppose the person person_cvd_8. Based on the given patient information, which factors contributed most significantly to their cardiovascular risk score?. Which characteristics in the patient's profile were most consequential for their risk assessment?",error,error,['error']
What characteristics led to the patient's risk?,"Suppose the person person_cvd_9. Based on the given patient information, which factors contributed most significantly to their cardiovascular risk score?. From the provided patient information, what were the key factors influencing their cardiovascular risk score?",error,error,['error']
What affect would changing this feature have on the risk?,"For patient 0, what effect would reducing the patient's age to 25 years have on their cardiovascular risk score?",error,error,['error']
What affect would changing this feature have on the risk?,"For patient 1, how would the risk score change if the patient's triglycerides levels were reduced to 1.5 mmol/L?",error,error,['error']
What affect would changing this feature have on the risk?,"For patient 2, what impact would changing the patient's systolic blood pressure to 130 mmHg have on their cardiovascular risk score?
",error,error,['error']
What affect would changing this feature have on the risk?,"For patient 3, how would the cardiovascular risk score change if the patient's apolipoprotein B levels were changed to 0.8 g/L?
",error,error,['error']
What affect would changing this feature have on the risk?,"For patient 4, what would be the effect on the risk score if the patient's glycated haemoglobin levels were changed to 5.5%?
",error,error,['error']
What affect would changing this feature have on the risk?,"For patient 5, how would the cardiovascular risk score change if the patient developed Type 2 diabetes?
",error,error,['error']
What affect would changing this feature have on the risk?,"For patient 6, what would be the impact on the cardiovascular risk score if the patient developed atrial fibrillation?
",error,error,['error']
What affect would changing this feature have on the risk?,"For patient 7, how would the risk score change if the patient's C-reactive protein levels were changed to 1 mg/L?
",error,error,['error']
What affect would changing this feature have on the risk?,"For patient 8, what effect would adding a family history of cardiovascular disease have on the patient's risk score?
",error,error,['error']
What affect would changing this feature have on the risk?,"For patient 9, how would the risk score change if the patient's age were changed to 75 years?
",error,error,['error']
What action is recommended by the guidelines based on the risk?,My patient has a QRisk3 score of 12.3%. What action is recommended by the NICE guidelines based on the risk?,"Based on the QRisk3 score of 12.3%, the guidelines recommend considering interventions for primary prevention of cardiovascular disease. Specifically:

1. **Lifestyle Changes**:
   - Prioritize optimizing lifestyle factors, including a healthy diet, regular physical activity, weight management, smoking cessation, and limiting alcohol consumption.

2. **Statin Therapy**:
   - Offer atorvastatin 20 mg for primary prevention, as the QRisk3 score exceeds 10%. Before starting, conduct baseline blood tests (lipid profile, renal function, liver transaminase levels, etc.).

3. **Monitoring and Follow-Up**:
   - Monitor lipid profiles 2–3 months after starting statin therapy to ensure a >40% reduction in non-HDL cholesterol. Conduct annual reviews of lipid profile and adherence to lifestyle changes.

4. **Reassessment**:
   - If statin therapy is declined, reassess cardiovascular risk periodically and document the decision.

5. **Other Considerations**:
   - Account for factors that QRisk3 may underestimate, such as HIV treatment, severe mental illness, or autoimmune disorders. Aspirin is not routinely recommended for primary prevention.

This approach emphasizes shared decision-making and ongoing support tailored to the patient's preferences and overall health.","The QRisk3 score is a tool used to estimate a person's 10-year risk of developing cardiovascular disease (CVD). A score of 12.3% means your patient has a 12.3% chance of developing CVD in the next 10 years.

According to the **NICE guidelines** (National Institute for Health and Care Excellence) in the UK, the following actions are recommended based on the QRisk3 score:

### 1. **Threshold for Intervention**:
   - A QRisk3 score of **10% or higher** is the threshold for offering **primary prevention of CVD** with a statin, after discussing the risks and benefits with the patient.

### 2. **Recommended Actions**:
   - **Lifestyle Advice**: 
     - Offer lifestyle advice to reduce cardiovascular risk, including:
       - Smoking cessation (if applicable)
       - Encouraging a healthy, balanced diet (e.g., Mediterranean diet)
       - Regular physical activity (e.g., at least 150 minutes of moderate activity per week)
       - Weight management if overweight or obese
       - Moderation of alcohol intake (if applicable)
   - **Statin Therapy**:
     - Offer **atorvastatin 20 mg daily** as the first-line treatment for primary prevention of CVD.
     - Discuss the benefits and risks of statins with the patient, including potential side effects (e.g., muscle pain, liver enzyme changes).
   - **Blood Pressure Management**:
     - If the patient has hypertension, ensure blood pressure is well controlled in line with NICE guidelines.
   - **Diabetes Risk**:
     - Assess for prediabetes or diabetes if not already done (e.g., HbA1c or fasting glucose), as CVD risk is higher in these conditions.
   - **Shared Decision-Making**:
     - Use shared decision-making to ensure the patient understands their risk and the benefits of interventions like lifestyle changes and statins.

### 3. **Follow-Up**:
   - If the patient agrees to start a statin, monitor their lipid levels, liver function, and adherence to therapy at follow-up appointments.
   - Reassess QRisk3 score periodically (typically every 5 years, or sooner if their health changes significantly).

### Summary for Your Patient:
- With a QRisk3 score of 12.3%, your patient is at increased risk of CVD.
- NICE guidelines recommend offering atorvastatin 20 mg for primary prevention, alongside lifestyle interventions to lower their risk further.
- Engage in shared decision-making to ensure the patient is informed and involved in their care plan.

","['The model extracted information using a document titled Cardiovascular disease: risk assessment and reduction, including lipid modification. This guideline provides a systematic approach for assessing cardiovascular disease (CVD) risk and offers recommendations for risk reduction, covering when to conduct formal risk assessments, how to use tools like QRISK3, and strategies for lifestyle changes, lipid management, and statin use to lower CVD risk in primary care settings..']"
What action is recommended by the guidelines based on the risk?,My patient has a QRisk3 score of 0.9%. What action is recommended by the NICE guidelines based on the risk?,"For a patient with a QRisk3 score of 0.9%, the NICE guidelines recommend focusing on lifestyle changes rather than pharmacological interventions like statins. Lifestyle changes include adopting a healthy diet, engaging in regular physical activity, managing weight, moderating alcohol consumption, and ceasing smoking if applicable. Additionally, it is suggested to communicate about lifetime cardiovascular risk, involve the patient in shared decision-making, and conduct regular reviews to monitor progress. Statins are not routinely recommended unless the patient expresses an informed preference or if there are concerns about underestimating their risk.","Based on the **NICE (National Institute for Health and Care Excellence) guidelines** in the UK, a QRisk3 score of **0.9%** indicates a low 10-year risk of developing cardiovascular disease (CVD). Here’s the recommended action based on this risk level:

### NICE Guidelines Recommendations:
1. **Lifestyle Advice**: 
   - For individuals with a QRisk3 score below **10%**, the primary recommendation is to focus on lifestyle changes to reduce overall cardiovascular risk. This includes:
     - Encouraging a healthy, balanced diet (e.g., Mediterranean diet).
     - Promoting regular physical activity (e.g., at least 150 minutes of moderate-intensity exercise per week).
     - Advising smoking cessation if applicable.
     - Addressing weight management and reducing alcohol consumption if needed.

2. **No Statins for Primary Prevention**: 
   - Statins (e.g., atorvastatin) for primary prevention of CVD are **not routinely recommended** for individuals with a QRisk3 score under 10%, unless there are other clinical factors, such as:
     - Type 1 diabetes (especially if the patient has had diabetes for more than 10 years, or is older than 40, or has other risk factors).
     - Chronic kidney disease (CKD) with an eGFR below 60 mL/min/1.73 m².
     - Familial hypercholesterolemia or other significant lipid abnormalities.

3. **Reassess Risk**:
   - The QRisk3 score should be reassessed at appropriate intervals (e.g., every 5 years or sooner if the patient’s circumstances change significantly, such as a new diagnosis or lifestyle changes).

4. **Consider Other Risk Factors**:
   - While the QRisk3 score is helpful, it may underestimate risk in some groups (e.g., patients with a strong family history of CVD, socioeconomic deprivation, or certain comorbidities). Clinicians should use their judgment and consider these additional factors.

### Summary:
With a QRisk3 score of **0.9%**, the patient is at a very low 10-year risk of cardiovascular disease. The **recommended action** is to provide **lifestyle advice** to maintain or improve their cardiovascular health. No pharmacological interventions, such as statins, are typically required unless there are other compelling clinical indications.

Always consider individual patient factors and preferences in clinical decision-making.","['The model extracted information using a document titled Cardiovascular disease: risk assessment and reduction, including lipid modification. This guideline provides a systematic approach for assessing cardiovascular disease (CVD) risk and offers recommendations for risk reduction, covering when to conduct formal risk assessments, how to use tools like QRISK3, and strategies for lifestyle changes, lipid management, and statin use to lower CVD risk in primary care settings..']"
What action is recommended by the guidelines based on the risk?,My patient has a QRisk3 score of 13.5%. What action is recommended by the NICE guidelines based on the risk?,"Based on the guidelines, a QRisk3 score of 13.5% indicates a significant risk for cardiovascular disease (CVD) over the next 10 years. The recommended actions include:

1. Conducting a formal risk assessment and discussing the implications of the QRisk3 score with the patient, focusing on lifestyle changes, treatment options, and the benefits and risks of interventions.

2. Advising the patient to adopt healthy lifestyle changes such as dietary modifications (reducing saturated fats), regular physical activity, weight management if applicable, smoking cessation, and responsible alcohol consumption.

3. Offering atorvastatin 20 mg for primary prevention of CVD, as the QRisk3 score exceeds 10%. Prioritize lifestyle optimization before initiating statin therapy and reassess CVD risk if needed.

4. Conducting baseline blood tests and clinical assessments before starting statin therapy, including evaluations of smoking status, alcohol consumption, blood pressure, BMI, lipid profile, diabetes status, renal function, and liver transaminase levels.

5. Monitoring adherence to statin therapy and lifestyle changes, measuring lipid levels regularly, and aiming for a greater than 40% reduction in non-HDL cholesterol.

6. Engaging in shared decision-making with the patient, discussing the risks and benefits of statin therapy, and considering patient preferences.

Overall, these actions aim to lower the patient's risk of CVD and improve long-term health outcomes.","According to the **NICE guidelines** (National Institute for Health and Care Excellence) in the UK, a **QRisk3 score of 13.5%** indicates that your patient has a moderate risk (greater than 10%) of developing cardiovascular disease (CVD) within the next 10 years. Based on this score, the following actions are recommended:

### 1. **Primary Prevention with Lifestyle Changes**
   - **Lifestyle advice** should be provided as the first-line intervention:
     - **Diet:** Encourage a healthy, balanced diet low in saturated fats and high in fruits, vegetables, whole grains, and oily fish.
     - **Physical activity:** Advise regular physical activity (e.g., at least 150 minutes of moderate-intensity exercise per week).
     - **Smoking cessation:** Support efforts to stop smoking if applicable, including referral to smoking cessation services.
     - **Weight management:** Promote weight loss if the patient is overweight or obese.
     - **Alcohol consumption:** Advise limiting alcohol intake to within recommended guidelines.

### 2. **Consider Statin Therapy**
   - **NICE recommends offering atorvastatin 20 mg daily** for primary prevention of CVD if the QRisk3 score is **10% or higher**, provided there are no contraindications and the patient agrees after informed discussion of risks and benefits. 
   - Discuss the following with the patient:
     - The potential benefits of statin therapy for reducing CVD risk.
     - Possible side effects (e.g., muscle pain, liver enzyme abnormalities).
     - The importance of adherence to medication if initiated.
   - Before starting statin therapy, conduct baseline blood tests:
     - Measure **lipid profile**, **liver function tests (LFTs)**, **renal function**, **HbA1c**, and **thyroid function**.
     - Monitor response and side effects after initiation.

### 3. **Address Other Modifiable Risk Factors**
   - **Blood pressure management:** If the patient has hypertension, ensure it is adequately controlled according to NICE guidance.
   - **Diabetes management:** If the patient has diabetes, ensure glycemic control is optimized.

### 4. **Patient-Centered Decision Making**
   - Engage the patient in shared decision-making, discussing their individual risk, the benefits of lifestyle changes, and the pros/cons of statin therapy.
   - Some patients may prefer to focus on lifestyle interventions alone; this is acceptable as long as the patient understands the implications of their QRisk3 score and is actively involved in managing their risk.

### 5. **Regular Review and Monitoring**
   - QRisk3 scores should be reassessed periodically, especially if new clinical factors arise or lifestyle changes are implemented.
   - Monitor adherence to lifestyle recommendations and medications during follow-up appointments.

### Summary:
For a QRisk3 score of 13.5%, NICE recommends **lifestyle modifications** as the foundation of risk management and offering **atorvastatin 20 mg** for primary prevention of CVD after discussing the risks and benefits with the patient, provided they agree and there are no contraindications.","['The model extracted information using a document titled Cardiovascular disease: risk assessment and reduction, including lipid modification. This guideline provides a systematic approach for assessing cardiovascular disease (CVD) risk and offers recommendations for risk reduction, covering when to conduct formal risk assessments, how to use tools like QRISK3, and strategies for lifestyle changes, lipid management, and statin use to lower CVD risk in primary care settings..']"
What action is recommended by the guidelines based on the risk?,My patient has a QRisk3 score of 14.1% and a BMI of 35. What action is recommended by the NICE guidelines?,"Based on NICE guidelines, a person with a QRisk3 score of 14.1% and a BMI of 35 should be considered at high risk for cardiovascular disease and prioritized for intervention. Recommendations include:

1. **Lifestyle Modifications**:
   - Dietary changes to reduce fat intake and replace saturated fats with healthier alternatives.
   - Physical activity tailored to their capacity and health condition.
   - Weight management interventions to achieve a healthy weight.
   - Smoking cessation (if applicable) and guidance on alcohol consumption.

2. **Statin Therapy**:
   - Offer atorvastatin 20 mg for primary prevention of cardiovascular disease due to their elevated QRisk3 score.
   - Aim for a reduction of greater than 40% in non-HDL cholesterol.
   - Monitor lipid profile 2–3 months after initiation and annually thereafter.

3. **Comorbidities**:
   - Address any secondary causes of dyslipidaemia before initiating statins.

4. **Shared Decision-Making**:
   - Discuss the benefits and risks of interventions, ensuring the person understands their care plan.

5. **Obesity Management**:
   - Refer to weight management programs following NICE obesity guidelines.

These interventions, combined with ongoing follow-up, form a comprehensive approach to managing their cardiovascular risk.","Based on the information provided, your patient has a **QRisk3 score of 14.1%** and a **BMI of 35**. Here's a structured response derived from the **NICE guidelines** (current as of 2023):

---

### **1. QRisk3 Score of 14.1%**
The **QRisk3 score** estimates the 10-year risk of developing cardiovascular disease (CVD). A score of **14.1%** places your patient in the **moderate risk category** (QRisk3 ≥10% but <20%).

#### NICE Recommendations for QRisk3 ≥10%:
- **Lifestyle modifications:** Offer lifestyle advice to reduce cardiovascular risk. This includes:
  - Adopting a heart-healthy diet (e.g., Mediterranean-style diet).
  - Increasing physical activity.
  - Weight loss if overweight/obese.
  - Smoking cessation if applicable.
  - Reducing alcohol consumption if applicable.
- **Primary prevention with statins:**
  - NICE recommends offering **atorvastatin 20 mg once daily** as primary prevention for adults with a QRisk3 score ≥10%, provided there are no contraindications and the patient agrees after a discussion of the risks and benefits.

#### Action:
- Discuss the use of a statin such as atorvastatin (20 mg daily) with your patient as part of primary prevention.
- Ensure baseline blood tests are performed before starting statins, including liver function tests (LFTs) and lipid profile.

---

### **2. BMI of 35**
A BMI of 35 categorizes your patient as **class II obesity (severe obesity)**.

#### NICE Recommendations for Obesity Management:
- **Lifestyle interventions:** Offer a structured weight management program, which includes:
  - **Dietary advice:** Create a calorie deficit tailored to the patient’s needs.
  - **Physical activity:** Encourage at least 150 minutes of moderate-intensity aerobic activity per week.
  - **Behavioral support:** Provide advice on behavior change techniques, such as goal setting and self-monitoring.
- **Consider referral to a specialist weight management service** if the patient has complex needs or has not responded to Tier 2 interventions (e.g., primary care-led interventions).

#### Additional Considerations:
- **Comorbidities:** Assess for weight-related conditions such as type 2 diabetes, hypertension, obstructive sleep apnea, and arthritis, as these may require concurrent management.
- **Pharmacological treatment for weight loss:**
  - If lifestyle changes alone are insufficient, and the patient has no contraindications, consider discussing **orlistat** or a newer anti-obesity medication (e.g., **GLP-1 receptor agonists** like semaglutide) if they meet the criteria.
- **Bariatric surgery:** If the patient has a BMI ≥35 and another weight-related comorbidity (e.g., type 2 diabetes), bariatric surgery may be an option if less invasive interventions fail, and the patient is willing to consider it.

---

### **Summary of Recommendations:**
1. **Address cardiovascular risk:**
   - Offer atorvastatin 20 mg for primary prevention of CVD.
   - Provide lifestyle advice to reduce cardiovascular risk.
2. **Address obesity:**
   - Encourage weight loss through a structured weight management program.
   - Consider pharmacotherapy (e.g., orlistat or GLP-1 receptor agonists) or referral for bariatric surgery if appropriate.
3. **Holistic care:**
   - Screen for and manage comorbidities (e.g., hypertension, diabetes, or sleep apnea).
   - Provide ongoing support and follow-up to monitor progress.

---

By addressing both the cardiovascular risk and the obesity, you can provide a comprehensive plan aligned with NICE guidelines. Always involve the patient in shared decision-making to ensure their preferences and concerns are taken into account.","['The model extracted information using a document titled Cardiovascular disease: risk assessment and reduction, including lipid modification. This guideline provides a systematic approach for assessing cardiovascular disease (CVD) risk and offers recommendations for risk reduction, covering when to conduct formal risk assessments, how to use tools like QRISK3, and strategies for lifestyle changes, lipid management, and statin use to lower CVD risk in primary care settings..']"
What action is recommended by the guidelines based on the risk?,My patient has a QRisk3 score of 8.2% and a BMI of 32. What action is recommended by the NICE guidelines?,"For a patient with a QRISK3 score of 8.2% and a BMI of 32, the guidelines recommend focusing on lifestyle changes such as dietary modifications, increased physical activity, and weight management to reduce cardiovascular disease risk. Statins are not automatically recommended as the 10-year cardiovascular risk is below 10%, but discussions about the absolute risk and benefits of interventions should be held. Regular follow-up and reassessment are advised to monitor progress and guide future decisions.","Based on the information provided—a QRisk3 score of 8.2% and a BMI of 32—here is a summary of the recommended actions according to the **NICE guidelines** (National Institute for Health and Care Excellence, UK):

---

### 1. **Interpreting the QRisk3 Score (8.2%)**:
The QRisk3 score estimates the 10-year risk of developing cardiovascular disease (CVD). A score of **8.2%** places this patient in the **""low to moderate risk""** category (below the 10% threshold at which statin therapy is typically recommended).

#### NICE Recommendations:
- **Lifestyle modifications**: Emphasize the importance of addressing modifiable risk factors. This includes:
  - Encouraging a healthy, balanced diet (e.g., Mediterranean diet).
  - Regular physical activity (e.g., at least 150 minutes of moderate-intensity activity per week).
  - Smoking cessation (if applicable).
  - Moderation of alcohol intake.
- **Weight management**: Given the patient's BMI of 32 (classified as obesity), weight reduction should be a priority. Weight loss can significantly improve cardiovascular risk factors such as blood pressure, lipid profiles, and glycemic control.
- **Blood pressure and cholesterol monitoring**: Ensure these are measured and managed appropriately.

#### Statin Therapy:
- Statins are not routinely recommended for patients with a QRisk3 score <10% unless there are other high-risk factors present (e.g., diabetes, chronic kidney disease, or significant family history of premature CVD). In this case, lifestyle changes would be the first-line approach.

---

### 2. **Addressing BMI (32: Obesity, Class I)**:
The patient's BMI of 32 is classified as **Class I Obesity** (BMI 30–34.9). Obesity is a significant modifiable risk factor for CVD, type 2 diabetes, and other health conditions. 

#### NICE Recommendations:
- **Lifestyle interventions**: The first-line approach for managing obesity includes:
  - A **calorie-controlled diet** tailored to the patient’s energy needs and preferences.
  - Increasing **physical activity** gradually, aiming for at least 150 minutes of moderate activity per week.
  - Behavioral support: Referral to a structured weight-loss program, if available, can be beneficial.
- **Referral to specialist services**: If lifestyle interventions are insufficient or if the patient has comorbidities (e.g., diabetes, hypertension, or sleep apnea), referral to a multidisciplinary obesity management service may be appropriate.
- **Consider pharmacological treatment**: If lifestyle changes alone are ineffective and the patient is at high risk of weight-related complications, pharmacological treatments (e.g., orlistat) may be considered, as per NICE guidelines.
- **Bariatric surgery** may be discussed if the patient’s BMI is >40 (or >35 with comorbidities), and conservative measures have failed.

---

### 3. **Key Actions for This Patient**:
- Discuss the QRisk3 score and educate the patient about their moderate risk of CVD.
- Prioritize lifestyle changes:
  - Weight loss through diet, exercise, and behavioral support.
  - Address other modifiable risk factors (e.g., smoking, alcohol, blood pressure).
- Follow up in 3–6 months to assess progress with lifestyle interventions and re-evaluate cardiovascular risk.
- Consider statins only if their QRisk3 score increases to ≥10% after lifestyle interventions or if other high-risk factors are identified.

---

### Summary:
This patient’s QRisk3 score (8.2%) and BMI (32) suggest that lifestyle interventions are the primary recommendation at this stage. Statin therapy is not routinely recommended unless the QRisk3 score exceeds 10% or other risk factors are present. A focus on weight management and cardiovascular risk reduction through diet, exercise, and behavioral support is key. Regular follow-up is also essential to monitor progress and adjust the management plan as needed.

","['The model extracted information using a document titled Cardiovascular disease: risk assessment and reduction, including lipid modification. This guideline provides a systematic approach for assessing cardiovascular disease (CVD) risk and offers recommendations for risk reduction, covering when to conduct formal risk assessments, how to use tools like QRISK3, and strategies for lifestyle changes, lipid management, and statin use to lower CVD risk in primary care settings..']"
What action is recommended by the guidelines based on the risk?,My patient has a QRisk3 score of 17.1% and I have recommended treatment but they declined treatment. What do the NICE clinical guidelines recommend?,"According to the NICE clinical guidelines, if a person with a QRisk3 score of 17.1% declines treatment, the recommended approach is as follows:

1. **Communication and Documentation**: Engage the person in a thorough discussion about their cardiovascular risk, the benefits and harms of lifestyle changes and medical treatments, and document their decision to decline treatment in their medical records.

2. **Lifestyle Changes**: Provide advice on reducing CVD risk through lifestyle modifications, including improving diet (reducing saturated fat intake), increasing physical activity, managing weight if overweight or obese, limiting alcohol consumption, and quitting smoking with appropriate support.

3. **Reassessment**: Inform the person that their risk should be reassessed in the future as their lifestyle and risk factors may change over time.

4. **Providing Information**: Share information about their absolute cardiovascular risk, the benefits and harms of interventions over a 10-year period, and consider discussing lifetime risk to motivate changes.

5. **Monitoring & Follow-Up**: Maintain ongoing follow-up and reassessment to ensure their preferences and risk factors are revisited over time.

The guidelines emphasize respecting the person's decision while supporting them with advice and tools for risk reduction through lifestyle changes and ensuring open communication for future reassessment.","In the situation you've described, the National Institute for Health and Care Excellence (NICE) clinical guidelines provide clear recommendations for managing patients with an elevated QRisk3 score who decline treatment. QRisk3 is a tool used to estimate a patient’s 10-year risk of developing cardiovascular disease (CVD). A score of 17.1% places the patient in a high-risk category (≥10%), for which preventative treatment, often including statins, is typically recommended.

Here is what the NICE guidelines recommend in this scenario:

### 1. **Discuss the risks and benefits**:
   - NICE recommends having a thorough, patient-centered discussion about the individual's cardiovascular risk and the potential benefits of treatment.
   - Explore the reasons why the patient is declining treatment. Some patients may have concerns about side effects, the long-term commitment to medication, or misunderstandings about their risk.
   - Provide clear, evidence-based information to address their concerns and explain how treatment (e.g., statins) can reduce their risk of heart attack, stroke, or other cardiovascular events.

### 2. **Lifestyle advice**:
   - Offer lifestyle advice as an alternative or complementary approach to risk reduction. This includes:
     - Smoking cessation (if applicable).
     - Encouraging a healthy diet (e.g., Mediterranean-style diet, reducing saturated fats and salt).
     - Promoting regular physical activity (e.g., 150 minutes of moderate activity per week).
     - Supporting weight management if the patient is overweight or obese.
     - Addressing alcohol intake, if relevant.
   - Make sure the patient understands that lifestyle changes alone may not reduce their cardiovascular risk as much as pharmacological treatment, but improvements in lifestyle can still have a meaningful impact.

### 3. **Regular follow-up and monitoring**:
   - If a patient declines statins or other pharmacological treatment, NICE recommends continuing to monitor their cardiovascular risk and providing ongoing support.
   - Regularly review the patient's QRisk score and cardiovascular health at appropriate intervals (e.g., annually or as clinically appropriate).
   - Revisit the discussion about preventative treatment at future appointments, especially if their risk increases or they experience changes in health status.

### 4. **Document the decision**:
   - It's important to document the discussion, including the patient's decision to decline treatment, their reasons (if provided), and the information you've given them about their cardiovascular risk and treatment options.
   - This ensures clear communication and provides a record in case the patient decides to reconsider treatment in the future.

### 5. **Shared decision-making**:
   - NICE emphasizes that treatment decisions should always respect the patient's autonomy and be based on shared decision-making. Patients have the right to decline treatment, even if it is recommended based on evidence-based guidelines.

### Relevant NICE Guideline:
The above recommendations are consistent with **NICE CG181: Cardiovascular disease: risk assessment and reduction, including lipid modification**, which outlines the management of patients at high risk of CVD.

In summary, if your patient declines treatment despite a QRisk3 score of 17.1%, the NICE guidelines suggest focusing on informed discussions, lifestyle interventions, regular follow-ups, and shared decision-making. It’s important to ensure the patient feels supported and empowered to revisit the decision in the future.","['The model extracted information using a document titled Cardiovascular disease: risk assessment and reduction, including lipid modification. This guideline provides a systematic approach for assessing cardiovascular disease (CVD) risk and offers recommendations for risk reduction, covering when to conduct formal risk assessments, how to use tools like QRISK3, and strategies for lifestyle changes, lipid management, and statin use to lower CVD risk in primary care settings..']"
What action is recommended by the guidelines based on the risk?,My patient has a QRisk3 score of 7.7% and a BMI of 28. What action is recommended by the NICE guidelines?,"For a patient with a QRISK3 score of 7.7% and a BMI of 28, the recommended action is to focus on lifestyle changes to reduce cardiovascular disease risk. This includes dietary changes, physical activity, weight management, and addressing other modifiable risk factors such as smoking or alcohol consumption. Statin therapy is not routinely recommended as the QRISK3 score is below the 10% threshold, unless there is an informed preference or concerns about underestimated risk. Periodic reassessment of cardiovascular risk is encouraged after attempts at lifestyle changes.","According to the **NICE (National Institute for Health and Care Excellence) guidelines** for cardiovascular disease (CVD) risk assessment and management (as of October 2023), the recommended actions depend on the patient's QRisk3 score, BMI, and other clinical factors. Here’s a breakdown of the recommendations for your patient with a **QRisk3 score of 7.7%** and a BMI of **28**:

### QRisk3 Score:
- A **QRisk3 score of 7.7%** indicates a **moderate risk** of developing cardiovascular disease over the next 10 years (QRisk threshold ranges: <10% is low risk, 10–20% is moderate risk, and >20% is high risk).
- For patients with a moderate risk score of **<10%**, NICE generally recommends **lifestyle changes** as the first-line approach, rather than immediate pharmacological treatment with statins. However, the decision should also consider other factors, such as comorbidities, family history, or patient preferences.

### BMI:
- A **BMI of 28** places the patient in the **overweight category** (25–29.9 kg/m²). This increases their risk for CVD and other related conditions like diabetes, hypertension, and metabolic syndrome.
- NICE recommends offering **personalized advice on diet, physical activity, and weight management** to help the patient achieve a healthy BMI (18.5–24.9 kg/m²).

---

### Recommendations Based on NICE Guidelines:
1. **Lifestyle Interventions:**
   - Recommend lifestyle modifications as the **primary approach**:
     - **Dietary advice**: Encourage a Mediterranean-style diet rich in vegetables, fruits, whole grains, nuts, seeds, and fish, while reducing saturated fat, salt, and sugar.
     - **Physical activity**: Encourage at least 150 minutes of moderate-intensity aerobic exercise per week.
     - **Weight management**: Support the patient in achieving a healthy weight through dietary changes and physical activity.
     - **Smoking cessation** (if applicable): Offer support and referral to smoking cessation services.
     - **Alcohol intake**: Advise limiting alcohol consumption to below 14 units per week, as per UK guidelines.

2. **Reassess Risk:**
   - Discuss the QRisk3 score with the patient and explain that while their risk is currently below the statin treatment threshold of 10%, their risk could increase over time due to age, weight, or other factors.
   - Reassess their QRisk3 score regularly (e.g., annually or sooner if their circumstances change).

3. **Consider Statin Therapy (if appropriate):**
   - Statin therapy is **not routinely recommended** for patients with a QRisk3 score below 10%, unless:
     - They have additional risk factors (e.g., family history of premature CVD, South Asian ethnicity, or comorbidities such as chronic kidney disease or type 2 diabetes).
     - After an informed discussion, the patient expresses a preference for starting statins.
   - If the patient is eligible and agrees, offer **atorvastatin 20 mg** as first-line therapy.

4. **Explore Additional Risk Factors:**
   - Consider whether other factors (e.g., hypertension, dyslipidemia, or metabolic syndrome) may warrant further investigation or treatment.
   - If the patient has a family history of premature CVD or other atypical findings, consider assessing for **familial hypercholesterolemia** or other secondary causes of risk.

---

### Summary of Actions:
- Focus on **lifestyle modification** (diet, exercise, and weight loss).
- Monitor and reassess their **QRisk3 score** periodically.
- Consider additional investigations or interventions if new risk factors emerge.
- Discuss the risks and benefits of **statin therapy** if the patient has other indicators of increased risk or is concerned about their QRisk3 score.

If the patient has specific comorbidities or concerns, tailoring the intervention based on their individual needs is essential.","['The model extracted information using a document titled Cardiovascular disease: risk assessment and reduction, including lipid modification. This guideline provides a systematic approach for assessing cardiovascular disease (CVD) risk and offers recommendations for risk reduction, covering when to conduct formal risk assessments, how to use tools like QRISK3, and strategies for lifestyle changes, lipid management, and statin use to lower CVD risk in primary care settings..']"
What action is recommended by the guidelines based on the risk?,My patient has a QRisk3 score of 5.7%. What action is recommended by the NICE guidelines based on the risk?,"A QRisk3 score of 5.7% reflects a person's estimated 10-year risk of developing cardiovascular disease (CVD). For this level of risk, the recommendations include the following:

1. **Lifestyle Changes**: Focus on modifying lifestyle factors such as adopting a healthy diet, engaging in regular physical activity, managing weight if necessary, quitting smoking, and moderating alcohol consumption. Discussions around lifetime risk can be used to motivate these changes.

2. **Monitoring and Follow-Up**: Reassess the individual's CVD risk after they have attempted lifestyle modifications.

3. **Medication**: Statin therapy is not routinely recommended for primary prevention at this risk level unless there is concern that the risk may be underestimated or the person expresses an informed preference for treatment.

4. **Tailored Support**: Engage the person in discussions to explore their beliefs, readiness, and confidence to make changes, and develop a shared management plan. Reassessment in the future should be advised if treatment is declined.

The focus for someone with a QRisk3 score of 5.7% is primarily on lifestyle modification and reassessment rather than immediate medication intervention.","The **QRisk3 score** is used to estimate an individual's 10-year risk of developing cardiovascular disease (CVD). A score of **5.7%** indicates a relatively low risk, but according to the **NICE guidelines (UK)**, the following actions are recommended based on the level of risk:

### NICE Recommendations for QRisk3 Scores:
1. **QRisk3 < 10% (low risk):**
   - The patient is considered at low risk of developing CVD within the next 10 years. 
   - Lifestyle modifications should be the primary focus:
     - Encourage a **healthy diet** (e.g., Mediterranean diet).
     - Advise **regular physical activity** (e.g., 150 minutes of moderate-intensity exercise per week).
     - Support achieving or maintaining a **healthy weight**.
     - If the patient smokes, offer smoking cessation support.

   - **Statins are generally not recommended** for primary prevention at this level of risk, unless there are other compelling factors (e.g., diabetes, chronic kidney disease, or a family history of premature CVD).

2. **Individualized assessment:**
   - Discuss the QRisk3 score with the patient to help them understand their level of risk and the benefits of lifestyle changes.
   - Consider any additional factors that might influence risk, which may not be fully captured by QRisk3. For example:
     - Family history of early CVD.
     - Ethnic background (e.g., South Asian or African-Caribbean descent may increase risk).
     - Other comorbidities or clinical findings.

3. **Ongoing monitoring:**
   - Routine follow-up is important to reassess risk and provide support for maintaining healthy lifestyle changes.
   - Reassess CVD risk every 5 years or sooner if there are significant changes in the patient’s health (e.g., new diagnosis of diabetes).

---

### When are statins considered?
NICE recommends offering **atorvastatin 20 mg** for primary prevention of CVD in people with a QRisk3 score of **10% or higher**, provided they are willing and the risks and benefits of statin therapy have been discussed. Since your patient has a score of 5.7%, statins are not indicated unless there are other high-risk factors.

---

In summary, for a QRisk3 score of 5.7%, the focus should be on **lifestyle interventions**, education, and periodic reassessment. Always consider individual patient preferences and circumstances when planning management.","['The model extracted information using a document titled Cardiovascular disease: risk assessment and reduction, including lipid modification. This guideline provides a systematic approach for assessing cardiovascular disease (CVD) risk and offers recommendations for risk reduction, covering when to conduct formal risk assessments, how to use tools like QRISK3, and strategies for lifestyle changes, lipid management, and statin use to lower CVD risk in primary care settings..']"
What action is recommended by the guidelines based on the risk?,My patient has a QRisk3 score of 7.5% and smokes. What action is recommended by the NICE guidelines?,"For a patient with a QRISK3 score of 7.5% who smokes, the NICE guidelines recommend focusing on lifestyle changes, particularly smoking cessation, as smoking is a major modifiable risk factor for cardiovascular disease. Provide advice on diet, physical activity, alcohol consumption, and weight management to reduce overall risk. Statins are not automatically recommended for a QRISK3 score below 10%; however, they can be considered if the patient has an informed preference or if there are concerns that their cardiovascular risk may be underestimated due to factors like smoking. Reassess the patient's cardiovascular risk after lifestyle changes and offer statins if lifestyle modifications are ineffective or inappropriate.","Based on your description, the patient has a QRisk3 score of 7.5%, which indicates their 10-year risk of developing cardiovascular disease (CVD). According to the **NICE guidelines** (National Institute for Health and Care Excellence, UK), here’s the recommended action:

1. **Lifestyle Modification (First-Line Intervention)**:
   - Since the patient smokes, smoking cessation should be a top priority. Offer advice, support, and referrals to smoking cessation services. Smoking is a major modifiable risk factor for CVD, and stopping smoking can significantly reduce their cardiovascular risk.
   - Encourage other lifestyle changes such as:
     - Adopting a healthy, balanced diet (e.g., Mediterranean-style diet).
     - Maintaining regular physical activity (e.g., at least 150 minutes of moderate aerobic activity per week).
     - Achieving and maintaining a healthy weight.
     - Reducing alcohol intake to within recommended limits.

2. **Pharmacological Intervention**:
   - A QRisk3 score of 7.5% is **below the 10% threshold** for initiating statins for primary prevention of CVD, as per NICE guidelines. Statins are generally considered for individuals with a QRisk3 score of **10% or higher**, or for those with other high-risk factors (e.g., diabetes, chronic kidney disease, or familial hypercholesterolemia).
   - However, it is important to:
     - Have a shared decision-making discussion with the patient regarding their individual risk, the potential benefits of statin therapy, and the importance of lifestyle changes.
     - Offer atorvastatin 20 mg daily if the patient expresses a strong preference for pharmacological treatment after being informed of the risks and benefits.

3. **Risk Reassessment**:
   - Reassess the patient’s cardiovascular risk in 5 years (or sooner if there are significant changes, such as smoking cessation or development of other risk factors).
   - Monitoring risk regularly is important to identify any changes that might warrant pharmacological therapy in the future.

4. **Additional Considerations**:
   - Conduct a holistic assessment of the patient’s health, including blood pressure, cholesterol levels, and glycemic control (if applicable).
   - Manage any other comorbidities (e.g., hypertension, diabetes) according to NICE guidelines.

### Summary of Actions:
The primary focus for this patient should be **lifestyle modification**, particularly **smoking cessation**, as this will have the most significant impact on reducing their cardiovascular risk. Statin therapy is not routinely recommended for a QRisk3 score of 7.5%, but the decision should be individualized based on the patient's preferences and clinical judgment.

Always ensure that the patient is fully informed and engaged in the decision-making process.","['The model extracted information using a document titled Cardiovascular disease: risk assessment and reduction, including lipid modification. This guideline provides a systematic approach for assessing cardiovascular disease (CVD) risk and offers recommendations for risk reduction, covering when to conduct formal risk assessments, how to use tools like QRISK3, and strategies for lifestyle changes, lipid management, and statin use to lower CVD risk in primary care settings..']"
What action is recommended by the guidelines based on the risk?,My patient has a QRisk3 score of 9.5% and triglyceride level of 22 mmol per litre. What action (if any) is recommended by the NICE clinical guidelines?,"Based on NICE clinical guidelines, the following actions are recommended for a patient with a QRisk3 score of 9.5% and triglyceride level of 22 mmol/L:

1. **Urgent Specialist Referral:** A triglyceride concentration over 20 mmol/L warrants urgent specialist review. Before referral, secondary causes of hyperlipidaemia like excess alcohol intake, uncontrolled diabetes, hypothyroidism, liver disease, or nephrotic syndrome should be excluded.

2. **Lifestyle Interventions:** Since the QRisk3 score is below the 10% threshold for statin therapy, lifestyle changes should be prioritized to reduce cardiovascular risk. This includes dietary advice (reducing saturated fat intake and replacing it with mono-unsaturated fats), regular physical activity, weight management if overweight or obese, moderation in alcohol consumption, and smoking cessation if applicable.

3. **Reassess Risk:** After implementing lifestyle changes, reassessing the QRisk3 score is recommended to evaluate the impact of these interventions.

4. **Statin Therapy Consideration:** Although statins are not routinely recommended for a QRisk3 score below 10%, they can be considered if the patient has an informed preference or if there is concern that their cardiovascular risk is underestimated. A shared decision-making process should be used to discuss the potential benefits and risks of statin therapy.

Immediate action should focus on addressing the elevated triglyceride levels through specialist referral and implementing lifestyle modifications to manage overall cardiovascular risk.","Based on the information you’ve provided, here’s how the situation aligns with NICE (National Institute for Health and Care Excellence) clinical guidelines as of the latest updates:

### 1. **QRisk3 Score of 9.5%**
- The **QRisk3 score** calculates the 10-year risk of developing cardiovascular disease (CVD). A score of 9.5% is below the 10% threshold NICE uses to recommend routine initiation of statins for primary prevention of CVD.
- However, **clinical judgment** is important, and other factors such as the patient’s age, comorbidities, family history, and their preferences should be considered when deciding on the need for intervention.

### 2. **Triglyceride Level of 22 mmol/L**
- A **triglyceride level of 22 mmol/L** is **severely elevated** and far exceeds the normal range (fasting triglycerides are typically <1.7 mmol/L).
- NICE guidelines recommend that **severe hypertriglyceridemia** (triglycerides >10 mmol/L) **requires urgent review and management** due to the increased risk of **acute pancreatitis**.

### Recommended Actions:
#### a) **Address the Severe Hypertriglyceridemia:**
   - **Urgent Referral:** NICE recommends referring patients with triglycerides >10 mmol/L to a **specialist lipid clinic** or a clinician with expertise in lipid management.
   - **Acute Management to Lower Triglycerides:**
     - **Exclude Secondary Causes:** Hypertriglyceridemia can be caused by factors like poorly controlled diabetes, excessive alcohol intake, hypothyroidism, renal disease, or certain medications. Evaluate and address these causes.
     - **Lifestyle Interventions:** Advise the patient to reduce dietary fat and sugar intake, avoid alcohol, and initiate weight management if appropriate.
     - **Pharmacological Therapy:** While the specialist will likely guide treatment, fibrates (e.g., fenofibrate), omega-3 fatty acids, or niacin may be used to lower triglyceride levels.

#### b) **Review Cardiovascular Risk:**
   - Although the QRisk3 score is <10%, the severely elevated triglycerides represent an additional **modifiable risk factor** for CVD. After triglycerides are brought under control, reassess cardiovascular risk and consider starting a **statin** if appropriate.

#### c) **Monitor for Acute Pancreatitis:**
   - Patients with triglycerides >10 mmol/L, especially >20 mmol/L, are at high risk for **acute pancreatitis**. Be vigilant for symptoms such as severe abdominal pain, nausea, or vomiting.

### Summary:
This is a **high-risk patient** due to their extremely elevated triglyceride levels, which warrant **urgent action**. Refer them to a lipid specialist for further evaluation and management, address secondary causes, and initiate lifestyle changes immediately. Regular monitoring for pancreatitis and cardiovascular risk is essential.","['The model extracted information using a document titled Cardiovascular disease: risk assessment and reduction, including lipid modification. This guideline provides a systematic approach for assessing cardiovascular disease (CVD) risk and offers recommendations for risk reduction, covering when to conduct formal risk assessments, how to use tools like QRISK3, and strategies for lifestyle changes, lipid management, and statin use to lower CVD risk in primary care settings..']"
What action is recommended by the guidelines based on the risk?,My patient has a QRisk3 score of 25.3%. I have recommended treatment but they declined the offer of treatment. What do the NICE clinical guidelines recommend?,"If a patient with a QRisk3 score of 25.3% declines the recommended treatment, the guidelines recommend communicating effectively and respecting the patient's decision. This includes providing information about their cardiovascular disease risk and the benefits and harms of interventions, exploring their concerns, and involving them in a shared management plan. Lifestyle changes should be advised, such as dietary adjustments, physical activity, and smoking cessation. The discussion and the patient's choice should be documented, and they should be informed about reassessment opportunities in the future. Ongoing support and follow-up should be offered, including encouragement for lifestyle changes and potential future reassessment of their cardiovascular disease risk. The option to revisit treatment should remain open if the patient’s circumstances or willingness changes.","The NICE (National Institute for Health and Care Excellence) guidelines provide clear recommendations for managing patients at high cardiovascular risk, including those with elevated QRisk3 scores. A QRisk3 score of 25.3% indicates that the patient has a 25.3% chance of developing a cardiovascular event (such as a heart attack or stroke) in the next 10 years, which places them in the high-risk category.

### Key Recommendations from NICE:
1. **Offer Lifestyle Advice:**
   - Even if the patient declines pharmacological treatment, it is important to provide tailored advice on lifestyle modifications to reduce cardiovascular risk. This includes guidance on:
     - Smoking cessation (if applicable).
     - Healthy eating (e.g., a Mediterranean-style diet rich in vegetables, fruits, whole grains, and healthy fats).
     - Regular physical activity (e.g., at least 150 minutes of moderate-intensity aerobic activity per week).
     - Limiting alcohol consumption.
     - Maintaining a healthy weight.

2. **Address the Reasons for Declining Treatment:**
   - NICE emphasizes shared decision-making. If a patient declines treatment, explore their concerns, provide clear information about the risks and benefits of treatment, and ensure they fully understand their QRisk3 score.
   - Patients may decline treatment due to fear of side effects, a lack of understanding of their risk, or personal preferences. Providing educational materials or involving them in follow-up discussions may help address these concerns.

3. **Review the Decision Regularly:**
   - If a patient declines treatment, NICE recommends that their risk status and preferences be reviewed at least annually. This allows for ongoing assessment of their cardiovascular risk and an opportunity to revisit the topic of treatment.

4. **Consider Non-Pharmacological Interventions:**
   - If the patient remains unwilling to start medications (e.g., statins or antihypertensives), focus on optimizing non-pharmacological measures to reduce their risk. 

5. **Document the Decision:**
   - Ensure that the patient's decision to decline treatment is documented clearly in their medical record, along with the advice you provided and the discussions around the risks and benefits of treatment.

### Summary of NICE Recommendations:
According to NICE, the approach should focus on shared decision-making, addressing barriers to treatment, offering consistent support for lifestyle changes, and regularly reviewing the patient’s risk and preferences. While treatment with statins is recommended for patients with a QRisk3 score ≥10%, it is ultimately the patient’s decision whether to proceed with pharmacological therapy. Your role as a healthcare provider is to support them with evidence-based recommendations and follow-up care.

Let me know if you'd like further clarification or resources related to QRisk3 or cardiovascular risk management!","['The model extracted information using a document titled Cardiovascular disease: risk assessment and reduction, including lipid modification. This guideline provides a systematic approach for assessing cardiovascular disease (CVD) risk and offers recommendations for risk reduction, covering when to conduct formal risk assessments, how to use tools like QRISK3, and strategies for lifestyle changes, lipid management, and statin use to lower CVD risk in primary care settings..']"
What action is recommended by the guidelines based on the risk?,My patient has a QRisk3 score of 3.0%. What action is recommended by the NICE guidelines based on the risk?,"Based on the NICE guidelines, for a person with a QRISK3 score of 3.0% (10-year probability of cardiovascular disease), statin treatment is not routinely indicated as the risk is below the 10% threshold. The focus should be on encouraging lifestyle changes such as improving diet, increasing physical activity, managing weight, smoking cessation (if applicable), and moderating alcohol consumption. It is also recommended to reassess cardiovascular risk periodically, especially if lifestyle changes are made, and involve the patient in shared decision-making to develop a personalized plan for reducing their cardiovascular risk.","According to the **NICE guidelines (National Institute for Health and Care Excellence)**, a QRisk3 score of 3.0% indicates a relatively low 10-year risk of developing cardiovascular disease (CVD). Here's the recommended approach:

1. **Low Risk (<10%)**:  
   - A QRisk3 score below 10% suggests that the patient is at low risk of developing CVD within the next 10 years.
   - Statins for primary prevention (e.g., atorvastatin 20 mg) are *not routinely recommended* for individuals with a QRisk3 score below 10%.  
   - However, management should still focus on lifestyle modification to reduce risk.

2. **Lifestyle Advice**:  
   - Discuss the benefits of a healthy lifestyle, including:
     - Smoking cessation (if applicable).
     - Regular physical activity (e.g., 150 minutes of moderate-intensity exercise per week).
     - A healthy, balanced diet (e.g., the Mediterranean diet).
     - Maintaining a healthy weight.
     - Reducing alcohol consumption (if applicable).

3. **Consider Clinical Context**:  
   - While a QRisk3 score of 3.0% is low, other factors may warrant closer attention. For example:
     - If the patient has conditions like diabetes, familial hypercholesterolemia, or chronic kidney disease (CKD), these may require separate management regardless of the QRisk3 score.
     - If the patient has a strong family history of premature CVD or other risk-enhancing factors, consider discussing these risks further.

4. **Shared Decision-Making**:  
   - Educate the patient about their QRisk3 score and involve them in shared decision-making about their health.
   - Encourage regular follow-up to reassess risk factors and QRisk3 scores periodically, especially if the patient’s health status changes.

In summary, for a QRisk3 score of 3.0%, the focus should be on lifestyle modification and addressing modifiable risk factors. Statin therapy is not typically indicated unless there are other clinical reasons to consider it.","['The model extracted information using a document titled Cardiovascular disease: risk assessment and reduction, including lipid modification. This guideline provides a systematic approach for assessing cardiovascular disease (CVD) risk and offers recommendations for risk reduction, covering when to conduct formal risk assessments, how to use tools like QRISK3, and strategies for lifestyle changes, lipid management, and statin use to lower CVD risk in primary care settings..']"
What action is recommended by the guidelines based on the risk?,My patient has a QRisk3 score of 7.5% and triglyceride level of 14 mmol per litre. What action is recommended by the NICE clinical guidelines?,"For a patient with a QRisk3 score of 7.5% and triglyceride level of 14 mmol/L, the recommendations are as follows:

1. The QRisk3 score of 7.5% indicates a cardiovascular disease (CVD) risk below the threshold of 10% used for routine statin treatment. Focus should be on lifestyle changes, including advice on diet, physical activity, weight management, alcohol consumption, and smoking cessation. If the patient prefers statin treatment despite the lower risk, atorvastatin 20 mg could be considered.

2. The triglyceride level of 14 mmol/L is significantly elevated and requires further action. Repeat the triglyceride measurement using a fasting test to confirm the level. Investigate for potential secondary causes of hyperlipidaemia, such as excess alcohol intake, uncontrolled diabetes, hypothyroidism, liver disease, or nephrotic syndrome. If the fasting triglyceride level remains above 10 mmol/L, refer the patient to a specialist.

Overall, prioritize lifestyle changes, manage secondary causes of dyslipidaemia, and assess other CVD risk factors. Statin treatment may be considered based on shared decision-making if lifestyle interventions are insufficient.","Based on the information provided, here are the recommended actions according to the **NICE (National Institute for Health and Care Excellence) guidelines** for managing cardiovascular risk and hypertriglyceridemia:

### 1. **QRisk3 Score of 7.5%**
   - A **QRisk3 score of 7.5%** suggests a *moderate risk* of developing cardiovascular disease (CVD) over the next 10 years.
   - NICE typically recommends **lifestyle advice** (e.g., improving diet, physical activity, smoking cessation) for individuals with a moderate QRisk3 score.
   - If the risk is closer to 10% or higher, **primary prevention with a statin** (e.g., atorvastatin 20 mg daily) should be considered, after discussing the risks, benefits, and patient preferences.

   However, the triglyceride level of **14 mmol/L** is highly elevated, and this could indicate a secondary cause or increased cardiovascular risk, which may influence management.

---

### 2. **Severely Elevated Triglycerides (Triglycerides ≥10 mmol/L)**
   - A triglyceride level of **14 mmol/L** is classified as **severe hypertriglyceridemia**, which carries a significant risk of **acute pancreatitis** in addition to cardiovascular risk. NICE guidelines recommend:
     1. **Urgent investigation** and exclusion of secondary causes of hypertriglyceridemia, such as:
        - **Diabetes mellitus** (especially undiagnosed or poorly controlled)
        - **Excess alcohol intake**
        - **Hypothyroidism**
        - **Kidney disease**
        - **Medications** (e.g., corticosteroids, beta-blockers, antiretrovirals)
      2. If secondary causes are excluded, consider referral to a **specialist lipid clinic**.
      3. Initiate **lifestyle interventions**:
         - A low-fat diet
         - Weight loss (if the patient is overweight or obese)
         - Reduction in alcohol consumption (if applicable)
         - Regular physical activity
      4. Consider starting **fibrates** (e.g., fenofibrate) to lower triglycerides and reduce the risk of acute pancreatitis. Omega-3 fatty acids may also be considered as an adjunct.

---

### Summary of Actions:
- **Investigate and address secondary causes** of severe hypertriglyceridemia.
- **Refer to a lipid specialist** for triglycerides ≥10 mmol/L.
- Consider starting a **fibrate** to rapidly lower triglycerides and reduce the risk of acute pancreatitis.
- Provide **lifestyle advice** and consider primary prevention with a **statin** depending on overall cardiovascular risk and patient preferences.

It is important to act promptly given the elevated triglycerides, as this level poses an immediate risk for pancreatitis.","['The model extracted information using a document titled Cardiovascular disease: risk assessment and reduction, including lipid modification. This guideline provides a systematic approach for assessing cardiovascular disease (CVD) risk and offers recommendations for risk reduction, covering when to conduct formal risk assessments, how to use tools like QRISK3, and strategies for lifestyle changes, lipid management, and statin use to lower CVD risk in primary care settings..']"
