hba1c,glucose1,whtr,waist,bmi,wt,hip,whr,alt,trig,cyst,crp,ggt,hypdbin,uric,hdl,b_atrial_fibr,shbg,ages,sex
5.2950001,6.243,0.65088755,110.0,34.490002,98.5,110.0,1.0,52.630001,2.9649999,0.95899999,2.5899999,85.800003,1,441.29999,1.612,0,34.0,49.828999,1
